{"stats":{"minecraft:dropped":{"minecraft:iron_ingot":3,"minecraft:bread":54,"minecraft:stone_axe":1,"minecraft:wheat_seeds":10,"minecraft:composter":1,"minecraft:oak_fence":1,"minecraft:rotten_flesh":4,"minecraft:cobblestone":12,"minecraft:stick":6,"minecraft:potato":16,"minecraft:beetroot_seeds":3,"minecraft:spider_eye":1,"minecraft:bow":1,"minecraft:string":3},"minecraft:used":{"minecraft:oak_fence":1,"minecraft:water_bucket":81,"minecraft:stone_shovel":19,"minecraft:stone_pickaxe":62,"minecraft:oak_planks":41,"minecraft:poppy":2,"minecraft:white_terracotta":4,"minecraft:fletching_table":5,"minecraft:rotten_flesh":3,"minecraft:oak_door":2,"minecraft:torch":5,"minecraft:mossy_cobblestone":1,"minecraft:dirt":27,"minecraft:mutton":6,"minecraft:crafting_table":1,"minecraft:carrot":11,"minecraft:spider_eye":1,"minecraft:wooden_axe":22,"minecraft:oak_stairs":1,"minecraft:iron_axe":32,"minecraft:bread":11,"minecraft:gravel":6,"minecraft:stone_axe":144,"minecraft:pink_petals":17,"minecraft:cobblestone":15,"minecraft:beef":4,"minecraft:oak_sapling":10,"minecraft:smithing_table":1,"minecraft:bucket":81,"minecraft:andesite":5,"minecraft:oak_boat":1,"minecraft:egg":2,"minecraft:potato":1,"minecraft:dandelion":2},"minecraft:picked_up":{"minecraft:wooden_axe":3,"minecraft:pink_petals":19,"minecraft:crafting_table":2,"minecraft:wheat":13,"minecraft:feather":12,"minecraft:chicken":8,"minecraft:andesite":5,"minecraft:leather":8,"minecraft:smithing_table":1,"minecraft:oak_stairs":3,"minecraft:potato":43,"minecraft:flint":2,"minecraft:oak_log":69,"minecraft:dirt":28,"minecraft:string":295,"minecraft:iron_axe":1,"minecraft:bone":4,"minecraft:beetroot":6,"minecraft:bow":14,"minecraft:wheat_seeds":120,"minecraft:stone_pickaxe":2,"minecraft:iron_ingot":4,"minecraft:beef":4,"minecraft:oak_boat":6,"minecraft:poppy":2,"minecraft:stripped_oak_wood":1,"minecraft:light_gray_wool":1,"minecraft:fletching_table":4,"minecraft:oak_planks":63,"minecraft:egg":5,"minecraft:raw_iron":7,"minecraft:stick":10,"minecraft:oak_door":6,"minecraft:composter":1,"minecraft:oak_fence":8,"minecraft:torch":5,"minecraft:dandelion":2,"minecraft:gravel":6,"minecraft:porkchop":10,"minecraft:carrot":53,"minecraft:spider_eye":5,"minecraft:mossy_cobblestone":1,"minecraft:stone_shovel":2,"minecraft:rotten_flesh":9,"minecraft:beetroot_seeds":27,"minecraft:stone_axe":2,"minecraft:bread":3,"minecraft:white_terracotta":4,"minecraft:oak_sapling":10,"minecraft:mutton":6,"minecraft:white_wool":3,"minecraft:cobblestone":33},"minecraft:mined":{"minecraft:glass_pane":1,"minecraft:mossy_cobblestone":2,"minecraft:oak_door":1,"minecraft:dandelion":6,"minecraft:oak_fence":3,"minecraft:crafting_table":1,"minecraft:short_grass":131,"minecraft:grass_block":7,"minecraft:tall_grass":49,"minecraft:cobblestone":34,"minecraft:oak_planks":15,"minecraft:composter":1,"minecraft:pink_petals":12,"minecraft:carrots":19,"minecraft:iron_ore":7,"minecraft:wheat":43,"minecraft:andesite":5,"minecraft:stripped_oak_wood":1,"minecraft:fletching_table":4,"minecraft:potatoes":16,"minecraft:oak_log":69,"minecraft:beetroots":9,"minecraft:dirt_path":5,"minecraft:oak_stairs":1,"minecraft:gravel":9,"minecraft:dirt":4,"minecraft:stone":1,"minecraft:oak_leaves":8},"minecraft:custom":{"minecraft:mob_kills":34,"minecraft:traded_with_villager":27,"minecraft:interact_with_crafting_table":11,"minecraft:leave_game":2,"minecraft:time_since_death":23600,"minecraft:sleep_in_bed":2,"minecraft:time_since_rest":21209,"minecraft:sprint_one_cm":178679,"minecraft:damage_taken":3819,"minecraft:walk_one_cm":111433,"minecraft:drop":75,"minecraft:damage_dealt":5747,"minecraft:talked_to_villager":10,"minecraft:fly_one_cm":323907,"minecraft:player_kills":2,"minecraft:open_chest":6,"minecraft:crouch_one_cm":17012,"minecraft:play_time":59705,"minecraft:deaths":10,"minecraft:sneak_time":4803,"minecraft:boat_one_cm":7949,"minecraft:jump":1685,"minecraft:interact_with_blast_furnace":7,"minecraft:walk_on_water_one_cm":6440,"minecraft:total_world_time":59705,"minecraft:fall_one_cm":62458},"minecraft:crafted":{"minecraft:oak_planks":280,"minecraft:emerald":18,"minecraft:crafting_table":1,"minecraft:smithing_table":1,"minecraft:fletching_table":1,"minecraft:bucket":1,"minecraft:stone_axe":2,"minecraft:air":0,"minecraft:oak_boat":1,"minecraft:bow":9,"minecraft:iron_axe":1,"minecraft:stick":588,"minecraft:iron_ingot":7,"minecraft:wooden_axe":2},"minecraft:killed":{"minecraft:pig":2,"minecraft:spider":5,"minecraft:iron_golem":1,"minecraft:wandering_trader":1,"minecraft:sheep":4,"minecraft:skeleton":4,"minecraft:zombie":9,"minecraft:chicken":5,"minecraft:player":2,"minecraft:cow":2},"minecraft:killed_by":{"minecraft:player":1,"minecraft:skeleton":5,"minecraft:spider":1}},"DataVersion":3953}