{"stats":{"minecraft:dropped":{"minecraft:wheat_seeds":3,"minecraft:composter":1,"minecraft:stick":2},"minecraft:used":{"minecraft:wooden_axe":18,"minecraft:iron_axe":30,"minecraft:poppy":2,"minecraft:oak_planks":5,"minecraft:dirt":3,"minecraft:mutton":6,"minecraft:beef":4,"minecraft:crafting_table":1,"minecraft:oak_sapling":10,"minecraft:carrot":2,"minecraft:egg":2,"minecraft:dandelion":1},"minecraft:picked_up":{"minecraft:wooden_axe":1,"minecraft:stick":2,"minecraft:crafting_table":2,"minecraft:wheat":4,"minecraft:feather":12,"minecraft:chicken":8,"minecraft:composter":1,"minecraft:leather":8,"minecraft:dandelion":1,"minecraft:potato":26,"minecraft:porkchop":10,"minecraft:oak_log":3,"minecraft:carrot":44,"minecraft:string":1,"minecraft:spider_eye":3,"minecraft:dirt":5,"minecraft:iron_axe":1,"minecraft:rotten_flesh":2,"minecraft:beetroot":3,"minecraft:beetroot_seeds":20,"minecraft:wheat_seeds":83,"minecraft:beef":4,"minecraft:iron_ingot":3,"minecraft:poppy":2,"minecraft:light_gray_wool":1,"minecraft:oak_sapling":10,"minecraft:mutton":6,"minecraft:oak_planks":2,"minecraft:white_wool":3,"minecraft:egg":4},"minecraft:mined":{"minecraft:carrots":16,"minecraft:wheat":24,"minecraft:dandelion":1,"minecraft:crafting_table":1,"minecraft:short_grass":54,"minecraft:grass_block":4,"minecraft:potatoes":10,"minecraft:oak_log":3,"minecraft:beetroots":4,"minecraft:dirt":1,"minecraft:tall_grass":19,"minecraft:composter":1,"minecraft:oak_planks":2},"minecraft:crafted":{"minecraft:oak_planks":12,"minecraft:iron_axe":1,"minecraft:crafting_table":1,"minecraft:stick":4,"minecraft:wooden_axe":1},"minecraft:custom":{"minecraft:time_since_rest":1332,"minecraft:sprint_one_cm":50467,"minecraft:damage_taken":539,"minecraft:walk_one_cm":23459,"minecraft:mob_kills":18,"minecraft:drop":3,"minecraft:damage_dealt":2680,"minecraft:interact_with_crafting_table":3,"minecraft:fly_one_cm":95262,"minecraft:crouch_one_cm":1818,"minecraft:play_time":11990,"minecraft:deaths":1,"minecraft:sneak_time":408,"minecraft:jump":452,"minecraft:time_since_death":1305,"minecraft:total_world_time":11990,"minecraft:fall_one_cm":15063},"minecraft:killed":{"minecraft:sheep":4,"minecraft:zombie":2,"minecraft:pig":2,"minecraft:chicken":5,"minecraft:spider":2,"minecraft:iron_golem":1,"minecraft:cow":2},"minecraft:killed_by":{"minecraft:spider":1}},"DataVersion":3953}