{"stats":{"minecraft:mined":{"minecraft:birch_log":1,"minecraft:birch_leaves":2,"minecraft:torch":1,"minecraft:short_grass":20,"minecraft:grass_block":2,"minecraft:oak_log":29,"minecraft:dirt":2,"minecraft:copper_ore":6,"minecraft:stone":51,"minecraft:oak_leaves":5},"minecraft:used":{"minecraft:oak_log":1,"minecraft:cooked_mutton":1,"minecraft:stone_pickaxe":57,"minecraft:oak_planks":5,"minecraft:stone_axe":22,"minecraft:torch":1,"minecraft:dirt":3,"minecraft:cobblestone":11},"minecraft:dropped":{"minecraft:stone_axe":1,"minecraft:torch":1,"minecraft:lilac":2,"minecraft:stone_sword":1,"minecraft:oak_boat":1,"minecraft:cooked_mutton":1},"minecraft:picked_up":{"minecraft:birch_log":1,"minecraft:lilac":2,"minecraft:torch":1,"minecraft:oak_log":29,"minecraft:dirt":3,"minecraft:raw_copper":21,"minecraft:stone_sword":2,"minecraft:stone_axe":2,"minecraft:wheat_seeds":1,"minecraft:stone_pickaxe":1,"minecraft:oak_boat":1,"minecraft:birch_sapling":1,"minecraft:mutton":2,"minecraft:white_wool":1,"minecraft:cobblestone":56},"minecraft:custom":{"minecraft:time_since_rest":17844,"minecraft:interact_with_furnace":5,"minecraft:sprint_one_cm":44424,"minecraft:walk_one_cm":25938,"minecraft:damage_taken":70,"minecraft:mob_kills":1,"minecraft:drop":6,"minecraft:damage_dealt":90,"minecraft:swim_one_cm":5105,"minecraft:interact_with_crafting_table":4,"minecraft:fly_one_cm":35773,"minecraft:crouch_one_cm":11500,"minecraft:play_time":17844,"minecraft:sneak_time":4992,"minecraft:walk_under_water_one_cm":942,"minecraft:boat_one_cm":26098,"minecraft:jump":220,"minecraft:time_since_death":17844,"minecraft:walk_on_water_one_cm":605,"minecraft:total_world_time":17844,"minecraft:fall_one_cm":5348},"minecraft:killed":{"minecraft:sheep":1},"minecraft:crafted":{"minecraft:oak_boat":1,"minecraft:oak_planks":44,"minecraft:charcoal":2,"minecraft:stick":8,"minecraft:wooden_pickaxe":1,"minecraft:torch":4,"minecraft:cooked_mutton":2,"minecraft:air":0}},"DataVersion":3953}