{"stats":{"minecraft:used":{"minecraft:stone_pickaxe":34,"minecraft:oak_planks":5,"minecraft:poppy":2,"minecraft:dirt":7,"minecraft:mutton":6,"minecraft:crafting_table":1,"minecraft:carrot":4,"minecraft:wooden_axe":22,"minecraft:iron_axe":32,"minecraft:stone_axe":80,"minecraft:beef":4,"minecraft:oak_sapling":10,"minecraft:egg":2,"minecraft:dandelion":2},"minecraft:dropped":{"minecraft:wheat_seeds":10,"minecraft:composter":1,"minecraft:rotten_flesh":2,"minecraft:stick":2,"minecraft:beetroot_seeds":3},"minecraft:picked_up":{"minecraft:wooden_axe":1,"minecraft:crafting_table":2,"minecraft:wheat":8,"minecraft:feather":12,"minecraft:chicken":8,"minecraft:leather":8,"minecraft:oak_stairs":1,"minecraft:potato":26,"minecraft:oak_log":56,"minecraft:dirt":8,"minecraft:string":1,"minecraft:iron_axe":1,"minecraft:bone":1,"minecraft:beetroot":6,"minecraft:wheat_seeds":94,"minecraft:iron_ingot":3,"minecraft:beef":4,"minecraft:stripped_oak_wood":1,"minecraft:poppy":2,"minecraft:light_gray_wool":1,"minecraft:oak_planks":15,"minecraft:egg":5,"minecraft:stick":2,"minecraft:oak_door":2,"minecraft:composter":1,"minecraft:oak_fence":2,"minecraft:torch":5,"minecraft:dandelion":2,"minecraft:porkchop":10,"minecraft:carrot":44,"minecraft:spider_eye":3,"minecraft:mossy_cobblestone":1,"minecraft:rotten_flesh":4,"minecraft:beetroot_seeds":26,"minecraft:oak_sapling":10,"minecraft:mutton":6,"minecraft:white_wool":3,"minecraft:cobblestone":30},"minecraft:mined":{"minecraft:glass_pane":1,"minecraft:mossy_cobblestone":2,"minecraft:dandelion":5,"minecraft:oak_fence":2,"minecraft:crafting_table":1,"minecraft:short_grass":86,"minecraft:grass_block":6,"minecraft:cobblestone":32,"minecraft:tall_grass":42,"minecraft:oak_planks":15,"minecraft:composter":1,"minecraft:carrots":16,"minecraft:wheat":27,"minecraft:stripped_oak_wood":1,"minecraft:potatoes":11,"minecraft:oak_log":56,"minecraft:beetroots":7,"minecraft:oak_stairs":1,"minecraft:dirt":2},"minecraft:custom":{"minecraft:mob_kills":23,"minecraft:interact_with_crafting_table":7,"minecraft:time_since_death":5211,"minecraft:sleep_in_bed":1,"minecraft:time_since_rest":5238,"minecraft:sprint_one_cm":91077,"minecraft:damage_taken":2449,"minecraft:walk_one_cm":40981,"minecraft:drop":10,"minecraft:damage_dealt":3840,"minecraft:talked_to_villager":1,"minecraft:fly_one_cm":178570,"minecraft:player_kills":1,"minecraft:open_chest":4,"minecraft:crouch_one_cm":9424,"minecraft:play_time":23990,"minecraft:deaths":8,"minecraft:sneak_time":2631,"minecraft:jump":859,"minecraft:total_world_time":23990,"minecraft:fall_one_cm":38648},"minecraft:crafted":{"minecraft:oak_planks":228,"minecraft:crafting_table":1,"minecraft:stone_axe":2,"minecraft:iron_axe":1,"minecraft:stick":584,"minecraft:wooden_axe":2},"minecraft:killed":{"minecraft:pig":2,"minecraft:spider":2,"minecraft:iron_golem":1,"minecraft:sheep":4,"minecraft:skeleton":2,"minecraft:zombie":4,"minecraft:chicken":5,"minecraft:player":1,"minecraft:cow":2},"minecraft:killed_by":{"minecraft:player":1,"minecraft:skeleton":3,"minecraft:spider":1}},"DataVersion":3953}