{"stats":{"minecraft:used":{"minecraft:stone_shovel":19,"minecraft:stone_pickaxe":55,"minecraft:oak_planks":19,"minecraft:poppy":2,"minecraft:white_terracotta":4,"minecraft:fletching_table":5,"minecraft:oak_door":1,"minecraft:torch":5,"minecraft:mossy_cobblestone":1,"minecraft:dirt":14,"minecraft:mutton":6,"minecraft:crafting_table":1,"minecraft:carrot":4,"minecraft:wooden_axe":22,"minecraft:iron_axe":32,"minecraft:bread":3,"minecraft:gravel":6,"minecraft:stone_axe":107,"minecraft:cobblestone":15,"minecraft:beef":4,"minecraft:oak_sapling":10,"minecraft:smithing_table":1,"minecraft:andesite":5,"minecraft:oak_boat":1,"minecraft:egg":2,"minecraft:dandelion":2},"minecraft:dropped":{"minecraft:bread":18,"minecraft:stone_axe":1,"minecraft:wheat_seeds":10,"minecraft:composter":1,"minecraft:oak_fence":1,"minecraft:cobblestone":12,"minecraft:rotten_flesh":2,"minecraft:stick":6,"minecraft:beetroot_seeds":3},"minecraft:picked_up":{"minecraft:wooden_axe":3,"minecraft:crafting_table":2,"minecraft:wheat":8,"minecraft:feather":12,"minecraft:chicken":8,"minecraft:andesite":5,"minecraft:leather":8,"minecraft:smithing_table":1,"minecraft:oak_stairs":3,"minecraft:potato":26,"minecraft:flint":2,"minecraft:oak_log":69,"minecraft:dirt":15,"minecraft:string":1,"minecraft:iron_axe":1,"minecraft:bone":3,"minecraft:beetroot":6,"minecraft:bow":14,"minecraft:wheat_seeds":97,"minecraft:stone_pickaxe":2,"minecraft:iron_ingot":3,"minecraft:beef":4,"minecraft:oak_boat":6,"minecraft:fletching_table":4,"minecraft:stripped_oak_wood":1,"minecraft:poppy":2,"minecraft:light_gray_wool":1,"minecraft:oak_planks":63,"minecraft:egg":5,"minecraft:raw_iron":5,"minecraft:stick":10,"minecraft:oak_door":6,"minecraft:composter":1,"minecraft:oak_fence":7,"minecraft:torch":5,"minecraft:dandelion":2,"minecraft:gravel":6,"minecraft:porkchop":10,"minecraft:carrot":44,"minecraft:spider_eye":3,"minecraft:mossy_cobblestone":1,"minecraft:stone_shovel":2,"minecraft:rotten_flesh":4,"minecraft:stone_axe":2,"minecraft:beetroot_seeds":26,"minecraft:white_terracotta":4,"minecraft:oak_sapling":10,"minecraft:mutton":6,"minecraft:white_wool":3,"minecraft:cobblestone":33},"minecraft:mined":{"minecraft:glass_pane":1,"minecraft:mossy_cobblestone":2,"minecraft:oak_door":1,"minecraft:dandelion":5,"minecraft:oak_fence":2,"minecraft:crafting_table":1,"minecraft:short_grass":111,"minecraft:grass_block":7,"minecraft:cobblestone":34,"minecraft:tall_grass":42,"minecraft:oak_planks":15,"minecraft:composter":1,"minecraft:carrots":16,"minecraft:iron_ore":5,"minecraft:wheat":27,"minecraft:andesite":5,"minecraft:stripped_oak_wood":1,"minecraft:fletching_table":4,"minecraft:potatoes":11,"minecraft:oak_log":69,"minecraft:dirt_path":5,"minecraft:beetroots":7,"minecraft:oak_stairs":1,"minecraft:gravel":9,"minecraft:dirt":3,"minecraft:stone":1,"minecraft:oak_leaves":8},"minecraft:custom":{"minecraft:mob_kills":24,"minecraft:traded_with_villager":27,"minecraft:interact_with_crafting_table":10,"minecraft:leave_game":1,"minecraft:time_since_death":2017,"minecraft:sleep_in_bed":1,"minecraft:time_since_rest":2042,"minecraft:sprint_one_cm":118314,"minecraft:damage_taken":3219,"minecraft:walk_one_cm":67501,"minecraft:drop":33,"minecraft:damage_dealt":4040,"minecraft:talked_to_villager":8,"minecraft:fly_one_cm":225749,"minecraft:player_kills":1,"minecraft:open_chest":6,"minecraft:crouch_one_cm":15531,"minecraft:play_time":38122,"minecraft:deaths":10,"minecraft:sneak_time":4080,"minecraft:boat_one_cm":7949,"minecraft:jump":1131,"minecraft:interact_with_blast_furnace":2,"minecraft:total_world_time":38122,"minecraft:fall_one_cm":46879},"minecraft:crafted":{"minecraft:oak_planks":280,"minecraft:emerald":18,"minecraft:crafting_table":1,"minecraft:smithing_table":1,"minecraft:fletching_table":1,"minecraft:stone_axe":2,"minecraft:air":0,"minecraft:oak_boat":1,"minecraft:bow":9,"minecraft:iron_axe":1,"minecraft:stick":588,"minecraft:iron_ingot":2,"minecraft:wooden_axe":2},"minecraft:killed":{"minecraft:pig":2,"minecraft:spider":2,"minecraft:iron_golem":1,"minecraft:sheep":4,"minecraft:skeleton":3,"minecraft:zombie":4,"minecraft:chicken":5,"minecraft:player":1,"minecraft:cow":2},"minecraft:killed_by":{"minecraft:player":1,"minecraft:skeleton":5,"minecraft:spider":1}},"DataVersion":3953}