{"stats":{"minecraft:dropped":{"minecraft:iron_ingot":3,"minecraft:bread":54,"minecraft:wheat_seeds":33,"minecraft:oak_fence":3,"minecraft:cobblestone":12,"minecraft:stick":10,"minecraft:wooden_axe":1,"minecraft:string":3,"minecraft:pink_petals":2,"minecraft:bone":3,"minecraft:oak_door":4,"minecraft:stone_axe":2,"minecraft:wheat":5,"minecraft:composter":1,"minecraft:stone_shovel":1,"minecraft:rotten_flesh":4,"minecraft:carrot":2,"minecraft:potato":16,"minecraft:beetroot_seeds":4,"minecraft:spider_eye":1,"minecraft:bow":4,"minecraft:stone_pickaxe":1},"minecraft:used":{"minecraft:oak_fence":1,"minecraft:stone_shovel":19,"minecraft:poppy":2,"minecraft:white_terracotta":4,"minecraft:rotten_flesh":3,"minecraft:oak_door":2,"minecraft:torch":5,"minecraft:dirt":27,"minecraft:mutton":6,"minecraft:carrot":11,"minecraft:wooden_axe":22,"minecraft:iron_axe":32,"minecraft:oak_stairs":1,"minecraft:golden_carrot":1,"minecraft:beef":4,"minecraft:oak_sapling":10,"minecraft:egg":2,"minecraft:potato":1,"minecraft:water_bucket":81,"minecraft:stone_pickaxe":62,"minecraft:oak_planks":41,"minecraft:fletching_table":5,"minecraft:mossy_cobblestone":1,"minecraft:crafting_table":1,"minecraft:spider_eye":1,"minecraft:bread":11,"minecraft:string":1,"minecraft:gravel":6,"minecraft:stone_axe":144,"minecraft:pink_petals":17,"minecraft:cobblestone":15,"minecraft:smithing_table":1,"minecraft:andesite":5,"minecraft:bucket":81,"minecraft:oak_boat":1,"minecraft:dandelion":2},"minecraft:picked_up":{"minecraft:wooden_axe":3,"minecraft:crafting_table":2,"minecraft:wheat":13,"minecraft:chicken":8,"minecraft:smithing_table":1,"minecraft:oak_stairs":3,"minecraft:string":2641,"minecraft:iron_axe":1,"minecraft:beetroot":6,"minecraft:beef":4,"minecraft:oak_boat":6,"minecraft:poppy":2,"minecraft:light_gray_wool":1,"minecraft:egg":5,"minecraft:stick":10,"minecraft:raw_iron":7,"minecraft:oak_door":6,"minecraft:composter":1,"minecraft:oak_fence":8,"minecraft:torch":5,"minecraft:porkchop":10,"minecraft:carrot":53,"minecraft:rotten_flesh":9,"minecraft:stone_shovel":2,"minecraft:beetroot_seeds":27,"minecraft:white_terracotta":4,"minecraft:mutton":6,"minecraft:white_wool":3,"minecraft:cobblestone":33,"minecraft:pink_petals":19,"minecraft:feather":12,"minecraft:golden_carrot":15,"minecraft:andesite":5,"minecraft:leather":8,"minecraft:potato":43,"minecraft:flint":2,"minecraft:oak_log":69,"minecraft:dirt":28,"minecraft:bone":4,"minecraft:bow":14,"minecraft:wheat_seeds":120,"minecraft:iron_ingot":4,"minecraft:stone_pickaxe":2,"minecraft:stripped_oak_wood":1,"minecraft:fletching_table":4,"minecraft:oak_planks":63,"minecraft:dandelion":2,"minecraft:gravel":6,"minecraft:spider_eye":5,"minecraft:mossy_cobblestone":1,"minecraft:stone_axe":2,"minecraft:bread":3,"minecraft:emerald":7,"minecraft:oak_sapling":10},"minecraft:mined":{"minecraft:mossy_cobblestone":2,"minecraft:oak_door":1,"minecraft:grass_block":7,"minecraft:composter":1,"minecraft:carrots":19,"minecraft:iron_ore":7,"minecraft:andesite":5,"minecraft:fletching_table":4,"minecraft:potatoes":16,"minecraft:dirt_path":5,"minecraft:oak_stairs":1,"minecraft:stone":1,"minecraft:glass_pane":1,"minecraft:dandelion":6,"minecraft:oak_fence":3,"minecraft:crafting_table":1,"minecraft:short_grass":131,"minecraft:cobblestone":34,"minecraft:tall_grass":49,"minecraft:oak_planks":15,"minecraft:pink_petals":12,"minecraft:wheat":43,"minecraft:stripped_oak_wood":1,"minecraft:oak_log":69,"minecraft:beetroots":9,"minecraft:gravel":9,"minecraft:dirt":4,"minecraft:oak_leaves":8},"minecraft:custom":{"minecraft:mob_kills":34,"minecraft:interact_with_crafting_table":11,"minecraft:leave_game":2,"minecraft:time_since_death":29228,"minecraft:sprint_one_cm":188976,"minecraft:walk_one_cm":116906,"minecraft:drop":91,"minecraft:talked_to_villager":18,"minecraft:play_time":65333,"minecraft:deaths":10,"minecraft:sneak_time":4805,"minecraft:boat_one_cm":7949,"minecraft:jump":1717,"minecraft:interact_with_blast_furnace":7,"minecraft:walk_on_water_one_cm":9049,"minecraft:total_world_time":65333,"minecraft:traded_with_villager":183,"minecraft:sleep_in_bed":2,"minecraft:time_since_rest":26837,"minecraft:damage_taken":3839,"minecraft:damage_dealt":5747,"minecraft:fly_one_cm":327519,"minecraft:player_kills":2,"minecraft:open_chest":6,"minecraft:crouch_one_cm":17012,"minecraft:fall_one_cm":63073},"minecraft:crafted":{"minecraft:oak_planks":280,"minecraft:diamond_helmet":1,"minecraft:bow":9,"minecraft:diamond_leggings":1,"minecraft:iron_axe":1,"minecraft:diamond_boots":1,"minecraft:emerald":168,"minecraft:crafting_table":1,"minecraft:smithing_table":1,"minecraft:fletching_table":1,"minecraft:bucket":1,"minecraft:stone_axe":2,"minecraft:air":0,"minecraft:oak_boat":1,"minecraft:diamond_pickaxe":2,"minecraft:stick":588,"minecraft:iron_ingot":7,"minecraft:wooden_axe":2,"minecraft:diamond_chestplate":1},"minecraft:killed":{"minecraft:spider":5,"minecraft:skeleton":4,"minecraft:chicken":5,"minecraft:pig":2,"minecraft:iron_golem":1,"minecraft:wandering_trader":1,"minecraft:sheep":4,"minecraft:zombie":9,"minecraft:player":2,"minecraft:cow":2},"minecraft:killed_by":{"minecraft:player":1,"minecraft:spider":1,"minecraft:skeleton":5}},"DataVersion":3953}