{"stats":{"minecraft:used":{"minecraft:stone_shovel":39,"minecraft:bread":3,"minecraft:stone_pickaxe":3,"minecraft:wooden_pickaxe":8,"minecraft:stone_axe":16,"minecraft:crafting_table":1,"minecraft:yellow_bed":2,"minecraft:egg":1,"minecraft:dandelion":1},"minecraft:dropped":{"minecraft:wheat_seeds":1,"minecraft:dandelion":2},"minecraft:picked_up":{"minecraft:stick":3,"minecraft:crafting_table":1,"minecraft:composter":2,"minecraft:torch":1,"minecraft:dandelion":4,"minecraft:oak_log":26,"minecraft:blast_furnace":1,"minecraft:yellow_bed":5,"minecraft:dirt":37,"minecraft:stonecutter":1,"minecraft:wheat_seeds":14,"minecraft:hay_block":37,"minecraft:lectern":1,"minecraft:oak_sapling":8,"minecraft:cobblestone":9,"minecraft:egg":1},"minecraft:mined":{"minecraft:hay_block":36,"minecraft:glass_pane":1,"minecraft:dandelion":2,"minecraft:yellow_bed":3,"minecraft:cornflower":1,"minecraft:short_grass":138,"minecraft:blast_furnace":1,"minecraft:grass_block":35,"minecraft:oak_log":26,"minecraft:dirt_path":4,"minecraft:lectern":1,"minecraft:cobblestone":9,"minecraft:stonecutter":1,"minecraft:composter":2,"minecraft:oak_leaves":3,"minecraft:wall_torch":1},"minecraft:crafted":{"minecraft:oak_planks":64,"minecraft:stone_shovel":1,"minecraft:stick":8,"minecraft:wooden_pickaxe":1,"minecraft:stone_pickaxe":1,"minecraft:stone_axe":1,"minecraft:bread":111,"minecraft:wheat":333},"minecraft:custom":{"minecraft:time_since_rest":4940,"minecraft:sprint_one_cm":72646,"minecraft:damage_taken":100,"minecraft:walk_one_cm":27850,"minecraft:drop":3,"minecraft:talked_to_villager":1,"minecraft:interact_with_crafting_table":8,"minecraft:fly_one_cm":50350,"minecraft:crouch_one_cm":6111,"minecraft:play_time":15778,"minecraft:bell_ring":2,"minecraft:sneak_time":1135,"minecraft:jump":172,"minecraft:time_since_death":15778,"minecraft:sleep_in_bed":2,"minecraft:total_world_time":15778,"minecraft:fall_one_cm":6864}},"DataVersion":3953}