{"stats":{"minecraft:dropped":{"minecraft:stone_axe":1,"minecraft:wheat_seeds":1,"minecraft:stone_shovel":1,"minecraft:oak_sapling":10,"minecraft:stone_pickaxe":1,"minecraft:dandelion":2},"minecraft:picked_up":{"minecraft:crafting_table":2,"minecraft:wheat":2,"minecraft:azure_bluet":1,"minecraft:potato":4,"minecraft:oak_log":30,"minecraft:yellow_bed":5,"minecraft:cornflower":1,"minecraft:dirt":89,"minecraft:stonecutter":1,"minecraft:wheat_seeds":15,"minecraft:poppy":3,"minecraft:lectern":1,"minecraft:oak_planks":8,"minecraft:egg":1,"minecraft:stick":7,"minecraft:oak_door":2,"minecraft:composter":4,"minecraft:torch":1,"minecraft:dandelion":11,"minecraft:blast_furnace":2,"minecraft:carrot":12,"minecraft:stone_shovel":1,"minecraft:hay_block":37,"minecraft:oak_sapling":12,"minecraft:cobblestone":9},"minecraft:used":{"minecraft:oak_trapdoor":3,"minecraft:stone_shovel":87,"minecraft:stone_pickaxe":3,"minecraft:poppy":3,"minecraft:chest":2,"minecraft:wooden_pickaxe":9,"minecraft:composter":2,"minecraft:oak_door":1,"minecraft:torch":1,"minecraft:dirt":89,"minecraft:crafting_table":2,"minecraft:blast_furnace":2,"minecraft:azure_bluet":1,"minecraft:cornflower":1,"minecraft:bread":6,"minecraft:stone_axe":16,"minecraft:oak_sapling":2,"minecraft:yellow_bed":5,"minecraft:egg":1,"minecraft:dandelion":1},"minecraft:mined":{"minecraft:oak_sapling":2,"minecraft:glass_pane":2,"minecraft:oak_door":1,"minecraft:dandelion":6,"minecraft:cornflower":1,"minecraft:crafting_table":1,"minecraft:short_grass":139,"minecraft:blast_furnace":2,"minecraft:grass_block":77,"minecraft:poppy":1,"minecraft:lectern":1,"minecraft:cobblestone":9,"minecraft:composter":3,"minecraft:wall_torch":1,"minecraft:hay_block":36,"minecraft:yellow_bed":3,"minecraft:oak_log":26,"minecraft:dirt_path":10,"minecraft:dirt":1,"minecraft:stonecutter":1,"minecraft:oak_leaves":3},"minecraft:custom":{"minecraft:interact_with_crafting_table":17,"minecraft:bell_ring":2,"minecraft:leave_game":1,"minecraft:time_since_death":214,"minecraft:sleep_in_bed":2,"minecraft:time_since_rest":247,"minecraft:sprint_one_cm":103243,"minecraft:damage_taken":597,"minecraft:walk_one_cm":54702,"minecraft:drop":7,"minecraft:talked_to_villager":1,"minecraft:fly_one_cm":63461,"minecraft:open_chest":9,"minecraft:crouch_one_cm":11705,"minecraft:play_time":28578,"minecraft:deaths":1,"minecraft:sneak_time":2143,"minecraft:jump":242,"minecraft:total_world_time":28578,"minecraft:fall_one_cm":8985},"minecraft:crafted":{"minecraft:oak_door":3,"minecraft:oak_planks":120,"minecraft:stone_shovel":1,"minecraft:wooden_pickaxe":1,"minecraft:stone_axe":1,"minecraft:bread":111,"minecraft:oak_trapdoor":4,"minecraft:stick":8,"minecraft:stone_pickaxe":1,"minecraft:stone_sword":1,"minecraft:chest":2,"minecraft:wheat":333},"minecraft:killed_by":{"minecraft:creeper":1}},"DataVersion":3953}