{"stats":{"minecraft:picked_up":{"minecraft:crafting_table":2,"minecraft:wheat":2,"minecraft:azure_bluet":1,"minecraft:smithing_table":1,"minecraft:lead":5,"minecraft:wooden_pickaxe":4,"minecraft:cornflower":1,"minecraft:oak_trapdoor":2,"minecraft:string":291,"minecraft:raw_copper":15,"minecraft:smooth_stone":4,"minecraft:oak_boat":4,"minecraft:poppy":7,"minecraft:lectern":1,"minecraft:egg":3,"minecraft:stick":76,"minecraft:raw_iron":3,"minecraft:oak_door":3,"minecraft:composter":4,"minecraft:oak_fence":6,"minecraft:torch":39,"minecraft:pointed_dripstone":1,"minecraft:carrot":31,"minecraft:stone_shovel":1,"minecraft:arrow":4,"minecraft:rotten_flesh":10,"minecraft:shears":2,"minecraft:hay_block":37,"minecraft:white_terracotta":14,"minecraft:cobblestone":73,"minecraft:stripped_oak_log":1,"minecraft:pink_petals":46,"minecraft:leather":3,"minecraft:potato":6,"minecraft:oak_log":85,"minecraft:yellow_bed":8,"minecraft:cobblestone_stairs":3,"minecraft:dirt":146,"minecraft:bone":2,"minecraft:stonecutter":1,"minecraft:bow":2,"minecraft:wheat_seeds":17,"minecraft:iron_ingot":3,"minecraft:stone_pickaxe":3,"minecraft:oak_planks":113,"minecraft:dandelion":12,"minecraft:dripstone_block":4,"minecraft:gravel":2,"minecraft:blast_furnace":2,"minecraft:spider_eye":3,"minecraft:mossy_cobblestone":1,"minecraft:stone_axe":8,"minecraft:bread":52,"minecraft:emerald":16,"minecraft:terracotta":2,"minecraft:oak_sapling":18,"minecraft:bricks":2,"minecraft:coal":14,"minecraft:pink_dye":1},"minecraft:dropped":{"minecraft:iron_ingot":1,"minecraft:bread":9,"minecraft:wheat_seeds":1,"minecraft:oak_log":8,"minecraft:crafting_table":1,"minecraft:oak_fence":1,"minecraft:cobblestone":6,"minecraft:coal":2,"minecraft:stick":11,"minecraft:emerald":8,"minecraft:torch":26,"minecraft:dandelion":2,"minecraft:stone_axe":3,"minecraft:stone_shovel":1,"minecraft:oak_planks":26,"minecraft:white_terracotta":2,"minecraft:oak_sapling":10,"minecraft:stone_pickaxe":2,"minecraft:wooden_pickaxe":1,"minecraft:terracotta":1},"minecraft:used":{"minecraft:oak_trapdoor":7,"minecraft:stone_shovel":87,"minecraft:poppy":3,"minecraft:chest":4,"minecraft:white_terracotta":7,"minecraft:oak_door":1,"minecraft:torch":13,"minecraft:dirt":115,"minecraft:azure_bluet":1,"minecraft:tripwire_hook":2,"minecraft:furnace":1,"minecraft:oak_sapling":2,"minecraft:egg":3,"minecraft:cobblestone_stairs":1,"minecraft:stone_pickaxe":14,"minecraft:oak_planks":21,"minecraft:wooden_pickaxe":53,"minecraft:composter":2,"minecraft:oak_slab":6,"minecraft:crafting_table":2,"minecraft:blast_furnace":2,"minecraft:dripstone_block":1,"minecraft:shears":1,"minecraft:lever":1,"minecraft:cornflower":1,"minecraft:bread":7,"minecraft:string":2,"minecraft:gravel":1,"minecraft:stone_axe":93,"minecraft:cobblestone":25,"minecraft:smithing_table":1,"minecraft:yellow_bed":8,"minecraft:oak_boat":5,"minecraft:dandelion":2},"minecraft:mined":{"minecraft:oak_sapling":3,"minecraft:mossy_cobblestone":1,"minecraft:oak_door":1,"minecraft:cobblestone_stairs":3,"minecraft:grass_block":87,"minecraft:composter":3,"minecraft:hay_block":36,"minecraft:smooth_stone":8,"minecraft:oak_trapdoor":2,"minecraft:iron_ore":1,"minecraft:dirt_path":11,"minecraft:stone":2,"minecraft:smithing_table":1,"minecraft:glass_pane":2,"minecraft:dandelion":6,"minecraft:oak_fence":5,"minecraft:cornflower":1,"minecraft:crafting_table":1,"minecraft:torch":1,"minecraft:short_grass":156,"minecraft:blast_furnace":2,"minecraft:poppy":1,"minecraft:lectern":1,"minecraft:cobblestone":25,"minecraft:tall_grass":4,"minecraft:bricks":2,"minecraft:wall_torch":2,"minecraft:white_terracotta":17,"minecraft:yellow_bed":4,"minecraft:oak_log":73,"minecraft:coal_ore":2,"minecraft:dirt":21,"minecraft:gravel":1,"minecraft:terracotta":1,"minecraft:stonecutter":1,"minecraft:oak_leaves":3},"minecraft:custom":{"minecraft:mob_kills":6,"minecraft:interact_with_crafting_table":33,"minecraft:bell_ring":2,"minecraft:leave_game":1,"minecraft:time_since_death":1472,"minecraft:sprint_one_cm":233909,"minecraft:walk_one_cm":189764,"minecraft:drop":30,"minecraft:talked_to_villager":9,"minecraft:play_time":75293,"minecraft:deaths":11,"minecraft:sneak_time":7954,"minecraft:walk_under_water_one_cm":116,"minecraft:boat_one_cm":3551,"minecraft:jump":1029,"minecraft:walk_on_water_one_cm":3100,"minecraft:total_world_time":75293,"minecraft:interact_with_furnace":5,"minecraft:traded_with_villager":30,"minecraft:sleep_in_bed":4,"minecraft:time_since_rest":1496,"minecraft:damage_taken":3025,"minecraft:damage_dealt":1593,"minecraft:fly_one_cm":213991,"minecraft:player_kills":1,"minecraft:open_chest":47,"minecraft:crouch_one_cm":29865,"minecraft:fall_one_cm":29896},"minecraft:crafted":{"minecraft:oak_door":3,"minecraft:oak_planks":312,"minecraft:stone_shovel":1,"minecraft:tripwire_hook":2,"minecraft:furnace":1,"minecraft:lever":1,"minecraft:oak_trapdoor":6,"minecraft:stone_pickaxe":5,"minecraft:chest":4,"minecraft:wheat":333,"minecraft:oak_slab":6,"minecraft:emerald":27,"minecraft:crafting_table":1,"minecraft:wooden_pickaxe":1,"minecraft:stone_axe":2,"minecraft:bread":111,"minecraft:air":0,"minecraft:oak_boat":1,"minecraft:stick":280,"minecraft:iron_ingot":1,"minecraft:stone_sword":1,"minecraft:torch":12,"minecraft:shears":1},"minecraft:killed":{"minecraft:skeleton":2,"minecraft:trader_llama":2,"minecraft:zombie":2,"minecraft:player":1},"minecraft:killed_by":{"minecraft:player":1,"minecraft:creeper":2,"minecraft:skeleton":6,"minecraft:zombie":1}},"DataVersion":3953}