{"stats":{"minecraft:picked_up":{"minecraft:crafting_table":2,"minecraft:wheat":2,"minecraft:azure_bluet":3,"minecraft:chainmail_boots":12,"minecraft:smithing_table":1,"minecraft:lead":5,"minecraft:wooden_pickaxe":4,"minecraft:shield":1,"minecraft:cornflower":1,"minecraft:oak_trapdoor":2,"minecraft:string":8006,"minecraft:raw_copper":15,"minecraft:iron_shovel":1,"minecraft:smooth_stone":4,"minecraft:oak_boat":4,"minecraft:poppy":7,"minecraft:lectern":1,"minecraft:iron_boots":9,"minecraft:egg":3,"minecraft:stick":76,"minecraft:raw_iron":3,"minecraft:oak_door":3,"minecraft:composter":5,"minecraft:oak_fence":6,"minecraft:torch":42,"minecraft:pointed_dripstone":1,"minecraft:carrot":31,"minecraft:stone_shovel":1,"minecraft:arrow":4,"minecraft:rotten_flesh":12,"minecraft:shears":2,"minecraft:diamond_boots":1,"minecraft:hay_block":37,"minecraft:white_terracotta":14,"minecraft:cobblestone":81,"minecraft:stripped_oak_log":1,"minecraft:pink_petals":46,"minecraft:leather":3,"minecraft:potato":6,"minecraft:flint":1,"minecraft:oak_log":91,"minecraft:chainmail_chestplate":11,"minecraft:yellow_bed":8,"minecraft:cobblestone_stairs":3,"minecraft:dirt":648,"minecraft:bone":2,"minecraft:stonecutter":1,"minecraft:bow":2,"minecraft:wheat_seeds":20,"minecraft:iron_ingot":3,"minecraft:stone_pickaxe":12,"minecraft:oak_planks":113,"minecraft:dandelion":18,"minecraft:dripstone_block":4,"minecraft:gravel":6,"minecraft:sand":5,"minecraft:blast_furnace":2,"minecraft:spider_eye":3,"minecraft:mossy_cobblestone":1,"minecraft:stone_axe":81,"minecraft:diamond_axe":3,"minecraft:bread":52,"minecraft:emerald":16,"minecraft:terracotta":2,"minecraft:oak_sapling":18,"minecraft:bricks":2,"minecraft:coal":14,"minecraft:pink_dye":1},"minecraft:dropped":{"minecraft:iron_ingot":1,"minecraft:bread":87,"minecraft:diamond_axe":7,"minecraft:wheat_seeds":2,"minecraft:oak_log":8,"minecraft:crafting_table":1,"minecraft:diamond_leggings":2,"minecraft:oak_fence":1,"minecraft:cobblestone":6,"minecraft:coal":2,"minecraft:stick":11,"minecraft:emerald":9,"minecraft:torch":26,"minecraft:iron_leggings":1,"minecraft:iron_axe":2,"minecraft:iron_shovel":4,"minecraft:string":9,"minecraft:dandelion":4,"minecraft:stone_axe":131,"minecraft:bowl":1,"minecraft:stone_shovel":1,"minecraft:rotten_flesh":1,"minecraft:iron_boots":18,"minecraft:oak_planks":26,"minecraft:white_terracotta":2,"minecraft:chainmail_chestplate":19,"minecraft:shield":3,"minecraft:diamond_chestplate":2,"minecraft:chainmail_boots":24,"minecraft:oak_sapling":10,"minecraft:diamond_boots":3,"minecraft:stone_pickaxe":26,"minecraft:wooden_pickaxe":1,"minecraft:terracotta":1},"minecraft:used":{"minecraft:oak_trapdoor":7,"minecraft:iron_shovel":10,"minecraft:stone_shovel":87,"minecraft:poppy":3,"minecraft:chest":6,"minecraft:white_terracotta":7,"minecraft:oak_door":1,"minecraft:torch":16,"minecraft:dirt":217,"minecraft:chainmail_chestplate":1,"minecraft:azure_bluet":2,"minecraft:iron_boots":1,"minecraft:tripwire_hook":2,"minecraft:furnace":1,"minecraft:oak_sapling":2,"minecraft:egg":3,"minecraft:cobblestone_stairs":1,"minecraft:stone_pickaxe":14,"minecraft:oak_planks":21,"minecraft:wooden_pickaxe":53,"minecraft:composter":3,"minecraft:oak_slab":6,"minecraft:crafting_table":2,"minecraft:blast_furnace":2,"minecraft:dripstone_block":1,"minecraft:shears":1,"minecraft:oak_log":6,"minecraft:lever":1,"minecraft:cornflower":1,"minecraft:bread":12,"minecraft:string":3,"minecraft:suspicious_stew":4,"minecraft:gravel":1,"minecraft:stone_axe":101,"minecraft:cobblestone":25,"minecraft:smithing_table":1,"minecraft:yellow_bed":8,"minecraft:oak_boat":5,"minecraft:dandelion":2},"minecraft:mined":{"minecraft:oak_sapling":3,"minecraft:mossy_cobblestone":1,"minecraft:oak_door":1,"minecraft:cobblestone_stairs":3,"minecraft:grass_block":96,"minecraft:composter":4,"minecraft:hay_block":36,"minecraft:smooth_stone":8,"minecraft:oak_trapdoor":2,"minecraft:iron_ore":1,"minecraft:azure_bluet":1,"minecraft:dirt_path":11,"minecraft:stone":2,"minecraft:tripwire":1,"minecraft:smithing_table":1,"minecraft:glass_pane":2,"minecraft:dandelion":6,"minecraft:oak_fence":5,"minecraft:cornflower":1,"minecraft:crafting_table":1,"minecraft:torch":2,"minecraft:short_grass":173,"minecraft:blast_furnace":2,"minecraft:poppy":1,"minecraft:lectern":1,"minecraft:cobblestone":25,"minecraft:tall_grass":4,"minecraft:bricks":2,"minecraft:wall_torch":5,"minecraft:white_terracotta":17,"minecraft:yellow_bed":4,"minecraft:oak_log":78,"minecraft:coal_ore":2,"minecraft:sand":5,"minecraft:dirt":29,"minecraft:gravel":6,"minecraft:terracotta":1,"minecraft:stonecutter":1,"minecraft:oak_leaves":4},"minecraft:custom":{"minecraft:mob_kills":7,"minecraft:interact_with_crafting_table":35,"minecraft:bell_ring":2,"minecraft:leave_game":1,"minecraft:time_since_death":25472,"minecraft:sprint_one_cm":313475,"minecraft:walk_one_cm":246223,"minecraft:drop":277,"minecraft:talked_to_villager":55,"minecraft:play_time":99293,"minecraft:deaths":11,"minecraft:sneak_time":9094,"minecraft:walk_under_water_one_cm":1682,"minecraft:boat_one_cm":3551,"minecraft:jump":1339,"minecraft:walk_on_water_one_cm":5943,"minecraft:total_world_time":99293,"minecraft:interact_with_furnace":6,"minecraft:traded_with_villager":796,"minecraft:sleep_in_bed":4,"minecraft:time_since_rest":25496,"minecraft:damage_taken":3213,"minecraft:damage_dealt":1792,"minecraft:swim_one_cm":3085,"minecraft:fly_one_cm":277037,"minecraft:player_kills":1,"minecraft:open_chest":71,"minecraft:crouch_one_cm":34510,"minecraft:fall_one_cm":40886},"minecraft:crafted":{"minecraft:golden_carrot":30,"minecraft:oak_door":3,"minecraft:cookie":162,"minecraft:oak_planks":312,"minecraft:stone_shovel":1,"minecraft:tripwire_hook":2,"minecraft:furnace":1,"minecraft:lever":1,"minecraft:suspicious_stew":1,"minecraft:oak_trapdoor":6,"minecraft:diamond_helmet":1,"minecraft:diamond_leggings":3,"minecraft:iron_boots":9,"minecraft:iron_axe":6,"minecraft:stone_pickaxe":17,"minecraft:chest":6,"minecraft:diamond_boots":3,"minecraft:wheat":333,"minecraft:oak_slab":6,"minecraft:emerald":619,"minecraft:diamond_axe":7,"minecraft:crafting_table":1,"minecraft:wooden_pickaxe":1,"minecraft:chainmail_chestplate":8,"minecraft:stone_axe":57,"minecraft:bread":171,"minecraft:air":0,"minecraft:oak_boat":1,"minecraft:diamond_pickaxe":1,"minecraft:shield":2,"minecraft:stick":280,"minecraft:chainmail_boots":12,"minecraft:iron_ingot":1,"minecraft:stone_sword":1,"minecraft:iron_shovel":4,"minecraft:iron_leggings":1,"minecraft:pumpkin_pie":48,"minecraft:torch":12,"minecraft:shears":1,"minecraft:diamond_chestplate":3},"minecraft:killed":{"minecraft:skeleton":2,"minecraft:trader_llama":2,"minecraft:zombie":3,"minecraft:player":1},"minecraft:killed_by":{"minecraft:player":1,"minecraft:creeper":2,"minecraft:skeleton":6,"minecraft:zombie":1}},"DataVersion":3953}