{"stats":{"minecraft:mined":{"minecraft:birch_log":12,"minecraft:lilac":2,"minecraft:torch":1,"minecraft:crafting_table":4,"minecraft:coal_ore":1,"minecraft:grass_block":3,"minecraft:oak_log":5,"minecraft:dirt":7,"minecraft:cobblestone":3,"minecraft:stone":96,"minecraft:sugar_cane":8,"minecraft:oak_leaves":2},"minecraft:used":{"minecraft:birch_door":1,"minecraft:cooked_mutton":1,"minecraft:stone_pickaxe":87,"minecraft:wooden_pickaxe":13,"minecraft:torch":4,"minecraft:stone_axe":13,"minecraft:crafting_table":5,"minecraft:furnace":1,"minecraft:oak_boat":1},"minecraft:dropped":{"minecraft:stone_axe":1,"minecraft:lilac":2,"minecraft:stone_sword":1,"minecraft:oak_sapling":1,"minecraft:stone_pickaxe":1},"minecraft:picked_up":{"minecraft:birch_log":12,"minecraft:crafting_table":4,"minecraft:lilac":4,"minecraft:torch":2,"minecraft:oak_log":5,"minecraft:dirt":10,"minecraft:cooked_mutton":1,"minecraft:oak_boat":1,"minecraft:oak_sapling":1,"minecraft:sugar_cane":13,"minecraft:coal":1,"minecraft:cobblestone":94},"minecraft:custom":{"minecraft:time_since_rest":39389,"minecraft:interact_with_furnace":4,"minecraft:sprint_one_cm":39344,"minecraft:walk_one_cm":26359,"minecraft:damage_taken":130,"minecraft:drop":5,"minecraft:damage_dealt":10,"minecraft:swim_one_cm":7952,"minecraft:interact_with_crafting_table":10,"minecraft:fly_one_cm":24553,"minecraft:crouch_one_cm":7795,"minecraft:play_time":41309,"minecraft:deaths":1,"minecraft:sneak_time":2256,"minecraft:walk_under_water_one_cm":1099,"minecraft:boat_one_cm":25976,"minecraft:jump":165,"minecraft:time_since_death":39362,"minecraft:leave_game":1,"minecraft:walk_on_water_one_cm":2170,"minecraft:total_world_time":41309,"minecraft:fall_one_cm":2723},"minecraft:crafted":{"minecraft:oak_planks":20,"minecraft:crafting_table":1,"minecraft:stick":16,"minecraft:wooden_pickaxe":1,"minecraft:stone_pickaxe":2,"minecraft:stone_sword":2,"minecraft:furnace":1,"minecraft:birch_door":3,"minecraft:birch_planks":8,"minecraft:torch":4,"minecraft:stone_axe":2}},"DataVersion":3953}