{"stats":{"minecraft:dropped":{"minecraft:stone_axe":1,"minecraft:wheat_seeds":1,"minecraft:crafting_table":1,"minecraft:stone_shovel":1,"minecraft:oak_fence":1,"minecraft:cobblestone":5,"minecraft:oak_planks":26,"minecraft:oak_sapling":10,"minecraft:wooden_pickaxe":1,"minecraft:stone_pickaxe":1,"minecraft:dandelion":2},"minecraft:used":{"minecraft:oak_trapdoor":3,"minecraft:cobblestone_stairs":1,"minecraft:stone_shovel":87,"minecraft:stone_pickaxe":3,"minecraft:poppy":3,"minecraft:chest":4,"minecraft:wooden_pickaxe":44,"minecraft:white_terracotta":7,"minecraft:composter":2,"minecraft:oak_door":1,"minecraft:torch":1,"minecraft:dirt":109,"minecraft:crafting_table":2,"minecraft:blast_furnace":2,"minecraft:azure_bluet":1,"minecraft:cornflower":1,"minecraft:bread":6,"minecraft:gravel":1,"minecraft:stone_axe":27,"minecraft:cobblestone":16,"minecraft:oak_sapling":2,"minecraft:yellow_bed":8,"minecraft:oak_boat":5,"minecraft:egg":2,"minecraft:dandelion":2},"minecraft:picked_up":{"minecraft:stripped_oak_log":1,"minecraft:crafting_table":2,"minecraft:wheat":2,"minecraft:azure_bluet":1,"minecraft:leather":3,"minecraft:lead":3,"minecraft:wooden_pickaxe":2,"minecraft:potato":4,"minecraft:oak_log":35,"minecraft:yellow_bed":8,"minecraft:cobblestone_stairs":3,"minecraft:cornflower":1,"minecraft:dirt":110,"minecraft:stonecutter":1,"minecraft:wheat_seeds":17,"minecraft:smooth_stone":4,"minecraft:stone_pickaxe":1,"minecraft:oak_boat":4,"minecraft:poppy":3,"minecraft:lectern":1,"minecraft:oak_planks":48,"minecraft:egg":2,"minecraft:stick":8,"minecraft:oak_door":2,"minecraft:composter":4,"minecraft:oak_fence":1,"minecraft:torch":1,"minecraft:dandelion":12,"minecraft:gravel":1,"minecraft:blast_furnace":2,"minecraft:carrot":29,"minecraft:mossy_cobblestone":1,"minecraft:arrow":2,"minecraft:stone_shovel":1,"minecraft:stone_axe":2,"minecraft:hay_block":37,"minecraft:white_terracotta":7,"minecraft:oak_sapling":17,"minecraft:bricks":2,"minecraft:cobblestone":31},"minecraft:mined":{"minecraft:oak_sapling":3,"minecraft:glass_pane":2,"minecraft:mossy_cobblestone":1,"minecraft:oak_door":1,"minecraft:cobblestone_stairs":3,"minecraft:dandelion":6,"minecraft:crafting_table":1,"minecraft:cornflower":1,"minecraft:short_grass":153,"minecraft:blast_furnace":2,"minecraft:grass_block":85,"minecraft:poppy":1,"minecraft:lectern":1,"minecraft:tall_grass":4,"minecraft:cobblestone":17,"minecraft:composter":3,"minecraft:bricks":2,"minecraft:wall_torch":1,"minecraft:smooth_stone":8,"minecraft:hay_block":36,"minecraft:white_terracotta":12,"minecraft:yellow_bed":4,"minecraft:oak_log":31,"minecraft:dirt_path":10,"minecraft:dirt":17,"minecraft:stonecutter":1,"minecraft:oak_leaves":3},"minecraft:custom":{"minecraft:mob_kills":2,"minecraft:interact_with_crafting_table":21,"minecraft:bell_ring":2,"minecraft:leave_game":1,"minecraft:time_since_death":12312,"minecraft:sleep_in_bed":3,"minecraft:time_since_rest":12342,"minecraft:sprint_one_cm":159995,"minecraft:damage_taken":1804,"minecraft:walk_one_cm":119253,"minecraft:drop":12,"minecraft:damage_dealt":615,"minecraft:talked_to_villager":3,"minecraft:fly_one_cm":144749,"minecraft:player_kills":1,"minecraft:open_chest":22,"minecraft:crouch_one_cm":19851,"minecraft:play_time":51293,"minecraft:deaths":6,"minecraft:sneak_time":4368,"minecraft:boat_one_cm":3551,"minecraft:jump":681,"minecraft:total_world_time":51293,"minecraft:fall_one_cm":22918},"minecraft:crafted":{"minecraft:oak_door":3,"minecraft:oak_planks":144,"minecraft:stone_shovel":1,"minecraft:crafting_table":1,"minecraft:wooden_pickaxe":1,"minecraft:stone_axe":1,"minecraft:bread":111,"minecraft:oak_trapdoor":4,"minecraft:oak_boat":1,"minecraft:stick":8,"minecraft:stone_pickaxe":1,"minecraft:stone_sword":1,"minecraft:chest":4,"minecraft:wheat":333},"minecraft:killed":{"minecraft:trader_llama":2,"minecraft:player":1},"minecraft:killed_by":{"minecraft:player":1,"minecraft:skeleton":2,"minecraft:creeper":2,"minecraft:zombie":1}},"DataVersion":3953}