{"stats":{"minecraft:picked_up":{"minecraft:pink_petals":1,"minecraft:raw_iron":5,"minecraft:crafting_table":4,"minecraft:oak_door":1,"minecraft:composter":1,"minecraft:torch":4,"minecraft:oak_stairs":2,"minecraft:oak_log":30,"minecraft:cherry_log":18,"minecraft:brewing_stand":1,"minecraft:yellow_bed":2,"minecraft:white_bed":2,"minecraft:carrot":1,"minecraft:oak_trapdoor":4,"minecraft:dirt":7,"minecraft:wheat_seeds":3,"minecraft:hay_block":75,"minecraft:cherry_sapling":2,"minecraft:poppy":2,"minecraft:oak_planks":32,"minecraft:mutton":5,"minecraft:coal":33,"minecraft:white_wool":3,"minecraft:cobblestone":40},"minecraft:crafted":{"minecraft:cherry_planks":16,"minecraft:crafting_table":1,"minecraft:stick":8,"minecraft:wooden_pickaxe":1,"minecraft:stone_pickaxe":1,"minecraft:white_bed":1,"minecraft:stone_hoe":1,"minecraft:stone_axe":1,"minecraft:bread":123,"minecraft:wheat":369},"minecraft:killed":{"minecraft:sheep":3},"minecraft:custom":{"minecraft:time_since_rest":6445,"minecraft:sprint_one_cm":38611,"minecraft:damage_taken":150,"minecraft:walk_one_cm":35769,"minecraft:mob_kills":3,"minecraft:drop":5,"minecraft:damage_dealt":240,"minecraft:swim_one_cm":12945,"minecraft:interact_with_crafting_table":8,"minecraft:fly_one_cm":47118,"minecraft:open_chest":1,"minecraft:crouch_one_cm":12390,"minecraft:play_time":18648,"minecraft:sneak_time":2881,"minecraft:walk_under_water_one_cm":735,"minecraft:jump":311,"minecraft:leave_game":1,"minecraft:walk_on_water_one_cm":1459,"minecraft:time_since_death":18648,"minecraft:sleep_in_bed":1,"minecraft:total_world_time":18648,"minecraft:fall_one_cm":8417},"minecraft:used":{"minecraft:cherry_sapling":1,"minecraft:bread":4,"minecraft:stone_pickaxe":76,"minecraft:wooden_pickaxe":5,"minecraft:stone_hoe":81,"minecraft:stone_axe":103,"minecraft:pink_petals":1,"minecraft:dirt":5,"minecraft:cobblestone":9,"minecraft:crafting_table":4,"minecraft:carrot":1},"minecraft:mined":{"minecraft:hay_block":75,"minecraft:pink_petals":1,"minecraft:oak_trapdoor":4,"minecraft:white_bed":2,"minecraft:glass_pane":1,"minecraft:carrots":1,"minecraft:oak_door":1,"minecraft:iron_ore":5,"minecraft:wheat":1,"minecraft:cherry_log":18,"minecraft:torch":1,"minecraft:brewing_stand":1,"minecraft:yellow_bed":2,"minecraft:crafting_table":4,"minecraft:short_grass":5,"minecraft:oak_log":30,"minecraft:grass_block":7,"minecraft:coal_ore":33,"minecraft:oak_stairs":2,"minecraft:cherry_leaves":4,"minecraft:tall_grass":5,"minecraft:stone":40,"minecraft:oak_planks":32,"minecraft:composter":1,"minecraft:wall_torch":2},"minecraft:dropped":{"minecraft:wheat_seeds":3,"minecraft:cherry_sapling":1,"minecraft:light_weighted_pressure_plate":1}},"DataVersion":3953}