{"stats":{"minecraft:used":{"minecraft:oak_trapdoor":5,"minecraft:cobblestone_stairs":1,"minecraft:stone_shovel":87,"minecraft:stone_pickaxe":14,"minecraft:poppy":3,"minecraft:chest":4,"minecraft:wooden_pickaxe":50,"minecraft:white_terracotta":7,"minecraft:composter":2,"minecraft:oak_door":1,"minecraft:torch":1,"minecraft:dirt":110,"minecraft:crafting_table":2,"minecraft:blast_furnace":2,"minecraft:azure_bluet":1,"minecraft:cornflower":1,"minecraft:bread":6,"minecraft:gravel":1,"minecraft:stone_axe":93,"minecraft:cobblestone":16,"minecraft:oak_sapling":2,"minecraft:smithing_table":1,"minecraft:yellow_bed":8,"minecraft:oak_boat":5,"minecraft:egg":2,"minecraft:dandelion":2},"minecraft:dropped":{"minecraft:iron_ingot":1,"minecraft:bread":9,"minecraft:stone_axe":3,"minecraft:wheat_seeds":1,"minecraft:oak_log":8,"minecraft:crafting_table":1,"minecraft:stone_shovel":1,"minecraft:oak_fence":1,"minecraft:cobblestone":6,"minecraft:oak_planks":26,"minecraft:white_terracotta":2,"minecraft:stick":11,"minecraft:emerald":8,"minecraft:torch":1,"minecraft:oak_sapling":10,"minecraft:wooden_pickaxe":1,"minecraft:stone_pickaxe":2,"minecraft:dandelion":2,"minecraft:terracotta":1},"minecraft:picked_up":{"minecraft:stripped_oak_log":1,"minecraft:pink_petals":30,"minecraft:crafting_table":2,"minecraft:wheat":2,"minecraft:azure_bluet":1,"minecraft:smithing_table":1,"minecraft:leather":3,"minecraft:lead":5,"minecraft:wooden_pickaxe":3,"minecraft:potato":6,"minecraft:oak_log":85,"minecraft:string":8,"minecraft:yellow_bed":8,"minecraft:cobblestone_stairs":3,"minecraft:oak_trapdoor":2,"minecraft:cornflower":1,"minecraft:dirt":113,"minecraft:raw_copper":4,"minecraft:bone":2,"minecraft:bow":2,"minecraft:stonecutter":1,"minecraft:wheat_seeds":17,"minecraft:smooth_stone":4,"minecraft:iron_ingot":3,"minecraft:stone_pickaxe":2,"minecraft:oak_boat":4,"minecraft:poppy":3,"minecraft:lectern":1,"minecraft:oak_planks":48,"minecraft:egg":2,"minecraft:raw_iron":1,"minecraft:stick":34,"minecraft:oak_door":3,"minecraft:composter":4,"minecraft:oak_fence":6,"minecraft:torch":6,"minecraft:dandelion":12,"minecraft:gravel":2,"minecraft:blast_furnace":2,"minecraft:carrot":29,"minecraft:spider_eye":2,"minecraft:mossy_cobblestone":1,"minecraft:rotten_flesh":10,"minecraft:arrow":4,"minecraft:stone_shovel":1,"minecraft:stone_axe":7,"minecraft:hay_block":37,"minecraft:emerald":16,"minecraft:bread":28,"minecraft:white_terracotta":14,"minecraft:terracotta":2,"minecraft:oak_sapling":17,"minecraft:coal":2,"minecraft:bricks":2,"minecraft:cobblestone":42},"minecraft:mined":{"minecraft:smithing_table":1,"minecraft:oak_sapling":3,"minecraft:glass_pane":2,"minecraft:mossy_cobblestone":1,"minecraft:oak_door":1,"minecraft:cobblestone_stairs":3,"minecraft:dandelion":6,"minecraft:oak_fence":5,"minecraft:crafting_table":1,"minecraft:cornflower":1,"minecraft:short_grass":154,"minecraft:blast_furnace":2,"minecraft:grass_block":85,"minecraft:poppy":1,"minecraft:lectern":1,"minecraft:tall_grass":4,"minecraft:cobblestone":24,"minecraft:composter":3,"minecraft:bricks":2,"minecraft:wall_torch":1,"minecraft:smooth_stone":8,"minecraft:hay_block":36,"minecraft:white_terracotta":17,"minecraft:oak_trapdoor":2,"minecraft:iron_ore":1,"minecraft:yellow_bed":4,"minecraft:coal_ore":2,"minecraft:oak_log":73,"minecraft:dirt_path":11,"minecraft:gravel":1,"minecraft:dirt":19,"minecraft:terracotta":1,"minecraft:stonecutter":1,"minecraft:oak_leaves":3},"minecraft:custom":{"minecraft:mob_kills":6,"minecraft:traded_with_villager":8,"minecraft:interact_with_crafting_table":29,"minecraft:bell_ring":2,"minecraft:leave_game":1,"minecraft:time_since_death":4548,"minecraft:sleep_in_bed":4,"minecraft:time_since_rest":4574,"minecraft:sprint_one_cm":198293,"minecraft:damage_taken":2265,"minecraft:walk_one_cm":157617,"minecraft:drop":24,"minecraft:damage_dealt":1470,"minecraft:talked_to_villager":5,"minecraft:fly_one_cm":178577,"minecraft:player_kills":1,"minecraft:open_chest":38,"minecraft:crouch_one_cm":25756,"minecraft:play_time":63293,"minecraft:deaths":8,"minecraft:sneak_time":5840,"minecraft:boat_one_cm":3551,"minecraft:jump":870,"minecraft:walk_on_water_one_cm":251,"minecraft:total_world_time":63293,"minecraft:fall_one_cm":25745},"minecraft:crafted":{"minecraft:oak_door":3,"minecraft:oak_planks":280,"minecraft:stone_shovel":1,"minecraft:emerald":8,"minecraft:crafting_table":1,"minecraft:wooden_pickaxe":1,"minecraft:stone_axe":2,"minecraft:bread":111,"minecraft:air":0,"minecraft:oak_trapdoor":4,"minecraft:oak_boat":1,"minecraft:stick":280,"minecraft:stone_pickaxe":2,"minecraft:stone_sword":1,"minecraft:chest":4,"minecraft:shears":1,"minecraft:wheat":333},"minecraft:killed":{"minecraft:skeleton":2,"minecraft:trader_llama":2,"minecraft:zombie":2,"minecraft:player":1},"minecraft:killed_by":{"minecraft:player":1,"minecraft:skeleton":3,"minecraft:creeper":2,"minecraft:zombie":1}},"DataVersion":3953}