{"stats":{"minecraft:dropped":{"minecraft:dandelion":1},"minecraft:picked_up":{"minecraft:yellow_bed":1,"minecraft:lectern":1,"minecraft:dandelion":1},"minecraft:mined":{"minecraft:lectern":1,"minecraft:yellow_bed":1},"minecraft:custom":{"minecraft:jump":41,"minecraft:time_since_rest":3778,"minecraft:crouch_one_cm":321,"minecraft:sprint_one_cm":10131,"minecraft:play_time":3778,"minecraft:damage_taken":100,"minecraft:time_since_death":3778,"minecraft:walk_one_cm":5818,"minecraft:sneak_time":57,"minecraft:total_world_time":3778,"minecraft:drop":1,"minecraft:talked_to_villager":1,"minecraft:fall_one_cm":3042,"minecraft:fly_one_cm":11256}},"DataVersion":3953}