{"stats":{"minecraft:dropped":{"minecraft:sand":7,"minecraft:oak_planks":29,"minecraft:wooden_pickaxe":1,"minecraft:smooth_stone":4,"minecraft:carrot":1},"minecraft:picked_up":{"minecraft:pink_petals":8,"minecraft:stick":3,"minecraft:crafting_table":1,"minecraft:azure_bluet":1,"minecraft:leather":2,"minecraft:torch":14,"minecraft:dandelion":1,"minecraft:sand":11,"minecraft:oak_log":8,"minecraft:chainmail_chestplate":2,"minecraft:pointed_dripstone":1,"minecraft:carrot":2,"minecraft:mossy_cobblestone":4,"minecraft:cornflower":2,"minecraft:dirt":35,"minecraft:iron_axe":1,"minecraft:raw_copper":11,"minecraft:iron_shovel":1,"minecraft:bone":1,"minecraft:rotten_flesh":4,"minecraft:stone_axe":1,"minecraft:wheat_seeds":2,"minecraft:smooth_stone":4,"minecraft:stone_pickaxe":11,"minecraft:bread":5,"minecraft:poppy":2,"minecraft:oak_sapling":5,"minecraft:oak_planks":27,"minecraft:iron_boots":2,"minecraft:cobblestone":28,"minecraft:egg":1},"minecraft:used":{"minecraft:oak_log":4,"minecraft:stone_pickaxe":77,"minecraft:poppy":1,"minecraft:wooden_pickaxe":4,"minecraft:torch":3,"minecraft:stone_axe":61,"minecraft:pink_petals":5,"minecraft:dirt":5,"minecraft:crafting_table":1,"minecraft:oak_sapling":3,"minecraft:egg":1},"minecraft:mined":{"minecraft:oak_sapling":3,"minecraft:mossy_cobblestone":4,"minecraft:iron_ore":2,"minecraft:yellow_bed":2,"minecraft:poppy":1,"minecraft:pointed_dripstone":1,"minecraft:short_grass":13,"minecraft:grass_block":36,"minecraft:oak_log":11,"minecraft:sand":11,"minecraft:dripstone_block":4,"minecraft:dirt":4,"minecraft:stripped_oak_log":1,"minecraft:cobblestone":14,"minecraft:copper_ore":4,"minecraft:stone":26,"minecraft:oak_leaves":49},"minecraft:crafted":{"minecraft:oak_planks":8,"minecraft:stick":4,"minecraft:wooden_pickaxe":1,"minecraft:pink_dye":1},"minecraft:custom":{"minecraft:time_since_rest":9788,"minecraft:sprint_one_cm":5646,"minecraft:damage_taken":1717,"minecraft:walk_one_cm":318555,"minecraft:drop":8,"minecraft:damage_dealt":150,"minecraft:interact_with_crafting_table":3,"minecraft:fly_one_cm":2649,"minecraft:open_chest":2,"minecraft:crouch_one_cm":5855,"minecraft:play_time":58807,"minecraft:deaths":5,"minecraft:sneak_time":4315,"minecraft:jump":317,"minecraft:sleep_in_bed":2,"minecraft:walk_on_water_one_cm":1220,"minecraft:time_since_death":9889,"minecraft:total_world_time":58807,"minecraft:fall_one_cm":5491},"minecraft:killed_by":{"minecraft:skeleton":2,"minecraft:creeper":2,"minecraft:spider":1}},"DataVersion":3953}