{"stats":{"minecraft:dropped":{"minecraft:oak_planks":29,"minecraft:wooden_pickaxe":1,"minecraft:smooth_stone":4,"minecraft:carrot":1},"minecraft:picked_up":{"minecraft:pink_petals":8,"minecraft:stick":1,"minecraft:crafting_table":1,"minecraft:azure_bluet":1,"minecraft:torch":13,"minecraft:dandelion":1,"minecraft:oak_log":6,"minecraft:pointed_dripstone":1,"minecraft:carrot":2,"minecraft:cornflower":1,"minecraft:dirt":17,"minecraft:raw_copper":11,"minecraft:rotten_flesh":2,"minecraft:stone_axe":1,"minecraft:wheat_seeds":1,"minecraft:smooth_stone":4,"minecraft:stone_pickaxe":1,"minecraft:bread":5,"minecraft:poppy":1,"minecraft:oak_sapling":4,"minecraft:oak_planks":27,"minecraft:cobblestone":16,"minecraft:egg":1},"minecraft:used":{"minecraft:oak_log":4,"minecraft:stone_pickaxe":43,"minecraft:poppy":1,"minecraft:wooden_pickaxe":4,"minecraft:torch":3,"minecraft:stone_axe":61,"minecraft:pink_petals":5,"minecraft:dirt":5,"minecraft:crafting_table":1,"minecraft:oak_sapling":3,"minecraft:egg":1},"minecraft:mined":{"minecraft:oak_sapling":3,"minecraft:iron_ore":2,"minecraft:yellow_bed":2,"minecraft:pointed_dripstone":1,"minecraft:short_grass":6,"minecraft:grass_block":9,"minecraft:oak_log":8,"minecraft:dripstone_block":4,"minecraft:dirt":4,"minecraft:stripped_oak_log":1,"minecraft:copper_ore":4,"minecraft:stone":26,"minecraft:oak_leaves":47},"minecraft:crafted":{"minecraft:oak_planks":8,"minecraft:stick":4,"minecraft:wooden_pickaxe":1,"minecraft:pink_dye":1},"minecraft:custom":{"minecraft:time_since_rest":1069,"minecraft:sprint_one_cm":5646,"minecraft:damage_taken":1136,"minecraft:walk_one_cm":230724,"minecraft:drop":6,"minecraft:damage_dealt":150,"minecraft:interact_with_crafting_table":3,"minecraft:fly_one_cm":2108,"minecraft:open_chest":2,"minecraft:crouch_one_cm":5742,"minecraft:play_time":46807,"minecraft:deaths":4,"minecraft:sneak_time":4261,"minecraft:jump":265,"minecraft:sleep_in_bed":1,"minecraft:walk_on_water_one_cm":810,"minecraft:time_since_death":6031,"minecraft:total_world_time":46807,"minecraft:fall_one_cm":5224},"minecraft:killed_by":{"minecraft:skeleton":2,"minecraft:creeper":1,"minecraft:spider":1}},"DataVersion":3953}