{"stats":{"minecraft:used":{"minecraft:dirt":4},"minecraft:picked_up":{"minecraft:pink_petals":8,"minecraft:rotten_flesh":1,"minecraft:wheat_seeds":1,"minecraft:dirt":5},"minecraft:mined":{"minecraft:short_grass":3,"minecraft:grass_block":1,"minecraft:dirt":1,"minecraft:yellow_bed":2},"minecraft:custom":{"minecraft:time_since_rest":3372,"minecraft:crouch_one_cm":1253,"minecraft:play_time":10807,"minecraft:sprint_one_cm":118,"minecraft:walk_one_cm":58015,"minecraft:damage_taken":896,"minecraft:deaths":3,"minecraft:sneak_time":1113,"minecraft:jump":112,"minecraft:time_since_death":3279,"minecraft:total_world_time":10807,"minecraft:fall_one_cm":3993,"minecraft:fly_one_cm":1073},"minecraft:killed_by":{"minecraft:skeleton":1,"minecraft:creeper":1,"minecraft:spider":1}},"DataVersion":3953}