{"stats":{"minecraft:dropped":{"minecraft:rotten_flesh":2,"minecraft:oak_planks":29,"minecraft:carrot":1,"minecraft:chainmail_chestplate":1,"minecraft:oxeye_daisy":2,"minecraft:dirt":79,"minecraft:shield":1,"minecraft:sand":7,"minecraft:wooden_pickaxe":1,"minecraft:smooth_stone":4},"minecraft:used":{"minecraft:iron_shovel":135,"minecraft:stone_pickaxe":130,"minecraft:poppy":1,"minecraft:wooden_pickaxe":4,"minecraft:torch":3,"minecraft:dirt":5,"minecraft:crafting_table":1,"minecraft:oak_log":4,"minecraft:bread":1,"minecraft:stone_axe":61,"minecraft:pink_petals":5,"minecraft:oak_sapling":3,"minecraft:egg":1},"minecraft:picked_up":{"minecraft:pink_petals":8,"minecraft:crafting_table":1,"minecraft:azure_bluet":1,"minecraft:leather":2,"minecraft:oak_log":8,"minecraft:chainmail_chestplate":3,"minecraft:shield":2,"minecraft:cornflower":2,"minecraft:dirt":156,"minecraft:raw_copper":11,"minecraft:iron_axe":1,"minecraft:iron_shovel":1,"minecraft:bone":1,"minecraft:wheat_seeds":3,"minecraft:diamond_leggings":1,"minecraft:smooth_stone":4,"minecraft:stone_pickaxe":11,"minecraft:poppy":2,"minecraft:oak_planks":27,"minecraft:iron_boots":2,"minecraft:egg":1,"minecraft:stick":3,"minecraft:torch":14,"minecraft:dandelion":7,"minecraft:sand":12,"minecraft:pointed_dripstone":1,"minecraft:carrot":2,"minecraft:mossy_cobblestone":4,"minecraft:rotten_flesh":4,"minecraft:diamond_chestplate":1,"minecraft:stone_axe":1,"minecraft:diamond_boots":1,"minecraft:bread":11,"minecraft:oak_sapling":5,"minecraft:cobblestone":34,"minecraft:oxeye_daisy":4},"minecraft:mined":{"minecraft:oak_sapling":3,"minecraft:mossy_cobblestone":4,"minecraft:short_grass":15,"minecraft:grass_block":97,"minecraft:poppy":1,"minecraft:copper_ore":4,"minecraft:cobblestone":14,"minecraft:iron_ore":2,"minecraft:yellow_bed":2,"minecraft:pointed_dripstone":1,"minecraft:oak_log":11,"minecraft:gravel":1,"minecraft:dirt":113,"minecraft:dripstone_block":4,"minecraft:sand":12,"minecraft:stripped_oak_log":1,"minecraft:stone":40,"minecraft:oak_leaves":49},"minecraft:custom":{"minecraft:interact_with_crafting_table":3,"minecraft:time_since_death":21889,"minecraft:sleep_in_bed":2,"minecraft:time_since_rest":21788,"minecraft:sprint_one_cm":5646,"minecraft:damage_taken":1732,"minecraft:walk_one_cm":359570,"minecraft:drop":14,"minecraft:damage_dealt":150,"minecraft:fly_one_cm":2689,"minecraft:open_chest":4,"minecraft:crouch_one_cm":5940,"minecraft:play_time":70807,"minecraft:deaths":5,"minecraft:sneak_time":4347,"minecraft:walk_under_water_one_cm":2804,"minecraft:jump":323,"minecraft:walk_on_water_one_cm":5294,"minecraft:total_world_time":70807,"minecraft:fall_one_cm":5491},"minecraft:crafted":{"minecraft:oak_planks":8,"minecraft:wooden_pickaxe":1,"minecraft:pink_dye":1,"minecraft:stick":4},"minecraft:killed_by":{"minecraft:skeleton":2,"minecraft:creeper":2,"minecraft:spider":1}},"DataVersion":3953}