{"stats":{"minecraft:dropped":{"minecraft:oak_planks":29,"minecraft:smooth_stone":4},"minecraft:picked_up":{"minecraft:pink_petals":8,"minecraft:stick":1,"minecraft:crafting_table":1,"minecraft:oak_log":6,"minecraft:dirt":6,"minecraft:rotten_flesh":1,"minecraft:stone_axe":1,"minecraft:wheat_seeds":1,"minecraft:smooth_stone":4,"minecraft:oak_sapling":4,"minecraft:oak_planks":26},"minecraft:used":{"minecraft:oak_log":4,"minecraft:stone_axe":61,"minecraft:pink_petals":5,"minecraft:dirt":5,"minecraft:crafting_table":1,"minecraft:oak_sapling":3},"minecraft:mined":{"minecraft:oak_sapling":3,"minecraft:yellow_bed":2,"minecraft:short_grass":5,"minecraft:grass_block":3,"minecraft:oak_log":8,"minecraft:dirt":1,"minecraft:stripped_oak_log":1,"minecraft:oak_leaves":47},"minecraft:crafted":{"minecraft:oak_planks":8,"minecraft:stick":4,"minecraft:wooden_pickaxe":1},"minecraft:custom":{"minecraft:time_since_rest":15372,"minecraft:sprint_one_cm":4004,"minecraft:damage_taken":906,"minecraft:walk_one_cm":134471,"minecraft:drop":4,"minecraft:damage_dealt":90,"minecraft:interact_with_crafting_table":1,"minecraft:fly_one_cm":1392,"minecraft:crouch_one_cm":1941,"minecraft:play_time":22807,"minecraft:deaths":3,"minecraft:sneak_time":1405,"minecraft:jump":162,"minecraft:time_since_death":15279,"minecraft:total_world_time":22807,"minecraft:fall_one_cm":4202},"minecraft:killed_by":{"minecraft:skeleton":1,"minecraft:creeper":1,"minecraft:spider":1}},"DataVersion":3953}