{"stats":{"minecraft:dropped":{"minecraft:oak_planks":29,"minecraft:wooden_pickaxe":1,"minecraft:smooth_stone":4,"minecraft:carrot":1},"minecraft:picked_up":{"minecraft:pink_petals":8,"minecraft:stick":1,"minecraft:crafting_table":1,"minecraft:dandelion":1,"minecraft:oak_log":6,"minecraft:pointed_dripstone":1,"minecraft:carrot":2,"minecraft:dirt":6,"minecraft:raw_copper":11,"minecraft:rotten_flesh":1,"minecraft:stone_axe":1,"minecraft:wheat_seeds":1,"minecraft:smooth_stone":4,"minecraft:stone_pickaxe":1,"minecraft:bread":5,"minecraft:oak_sapling":4,"minecraft:oak_planks":27,"minecraft:cobblestone":6},"minecraft:used":{"minecraft:oak_log":4,"minecraft:stone_pickaxe":20,"minecraft:wooden_pickaxe":4,"minecraft:stone_axe":61,"minecraft:pink_petals":5,"minecraft:dirt":5,"minecraft:crafting_table":1,"minecraft:oak_sapling":3},"minecraft:mined":{"minecraft:oak_sapling":3,"minecraft:yellow_bed":2,"minecraft:pointed_dripstone":1,"minecraft:short_grass":6,"minecraft:grass_block":3,"minecraft:oak_log":8,"minecraft:dripstone_block":4,"minecraft:dirt":1,"minecraft:stripped_oak_log":1,"minecraft:copper_ore":4,"minecraft:stone":14,"minecraft:oak_leaves":47},"minecraft:crafted":{"minecraft:oak_planks":8,"minecraft:stick":4,"minecraft:wooden_pickaxe":1,"minecraft:pink_dye":1},"minecraft:custom":{"minecraft:time_since_rest":27372,"minecraft:sprint_one_cm":4004,"minecraft:damage_taken":946,"minecraft:walk_one_cm":171640,"minecraft:drop":6,"minecraft:damage_dealt":140,"minecraft:interact_with_crafting_table":3,"minecraft:fly_one_cm":1670,"minecraft:open_chest":1,"minecraft:crouch_one_cm":5355,"minecraft:play_time":34807,"minecraft:deaths":3,"minecraft:sneak_time":3306,"minecraft:jump":193,"minecraft:walk_on_water_one_cm":466,"minecraft:time_since_death":27279,"minecraft:total_world_time":34807,"minecraft:fall_one_cm":4202},"minecraft:killed_by":{"minecraft:skeleton":1,"minecraft:creeper":1,"minecraft:spider":1}},"DataVersion":3953}