{"stats":{"minecraft:picked_up":{"minecraft:azure_bluet":1,"minecraft:wheat":2,"minecraft:oak_door":2,"minecraft:torch":3,"minecraft:dandelion":2,"minecraft:potato":5,"minecraft:oak_log":5,"minecraft:carrot":17,"minecraft:yellow_bed":1,"minecraft:cornflower":1,"minecraft:stone_shovel":1,"minecraft:beetroot":1,"minecraft:stone_axe":1,"minecraft:beetroot_seeds":17,"minecraft:wheat_seeds":44,"minecraft:hay_block":1,"minecraft:stone_pickaxe":1,"minecraft:poppy":1,"minecraft:oak_planks":8},"minecraft:used":{"minecraft:beetroot":1,"minecraft:wheat_seeds":15,"minecraft:stone_pickaxe":8,"minecraft:torch":3,"minecraft:beetroot_seeds":4,"minecraft:carrot":1},"minecraft:dropped":{"minecraft:oak_door":2,"minecraft:poppy":1,"minecraft:potato":4,"minecraft:hay_block":1,"minecraft:wheat_seeds":29,"minecraft:oak_log":4,"minecraft:cornflower":1,"minecraft:crafting_table":1,"minecraft:beetroot_seeds":13,"minecraft:yellow_bed":1,"minecraft:wheat":2,"minecraft:stone_shovel":1,"minecraft:oak_planks":8,"minecraft:azure_bluet":1,"minecraft:carrot":12,"minecraft:dandelion":2},"minecraft:mined":{"minecraft:hay_block":1,"minecraft:carrots":12,"minecraft:oak_door":1,"minecraft:wheat":13,"minecraft:dandelion":2,"minecraft:azure_bluet":1,"minecraft:cornflower":1,"minecraft:yellow_bed":2,"minecraft:short_grass":1,"minecraft:potatoes":2,"minecraft:oak_log":5,"minecraft:poppy":1,"minecraft:beetroots":4,"minecraft:oak_planks":8,"minecraft:oak_leaves":2,"minecraft:wall_torch":3},"minecraft:crafted":{"minecraft:oak_planks":4,"minecraft:crafting_table":1},"minecraft:custom":{"minecraft:time_since_rest":16598,"minecraft:sprint_one_cm":3756,"minecraft:damage_taken":80,"minecraft:walk_one_cm":101392,"minecraft:drop":27,"minecraft:damage_dealt":69,"minecraft:talked_to_villager":2,"minecraft:fly_one_cm":190,"minecraft:crouch_one_cm":227,"minecraft:play_time":27329,"minecraft:sneak_time":4193,"minecraft:jump":38,"minecraft:leave_game":1,"minecraft:time_since_death":27329,"minecraft:walk_on_water_one_cm":358,"minecraft:sleep_in_bed":1,"minecraft:total_world_time":27329,"minecraft:fall_one_cm":2223}},"DataVersion":3953}