{"stats":{"minecraft:used":{"minecraft:beetroot":1,"minecraft:wheat_seeds":16,"minecraft:stone_pickaxe":8,"minecraft:oak_planks":7,"minecraft:wooden_pickaxe":12,"minecraft:torch":7,"minecraft:dirt":1,"minecraft:carrot":4,"minecraft:oak_log":2,"minecraft:stone_axe":5,"minecraft:pink_petals":49,"minecraft:beetroot_seeds":4,"minecraft:egg":1,"minecraft:dandelion":1},"minecraft:picked_up":{"minecraft:pink_petals":63,"minecraft:wheat":2,"minecraft:azure_bluet":1,"minecraft:wooden_pickaxe":1,"minecraft:potato":5,"minecraft:oak_log":15,"minecraft:yellow_bed":1,"minecraft:cobblestone_stairs":1,"minecraft:cornflower":1,"minecraft:dirt":32,"minecraft:bone":1,"minecraft:beetroot":2,"minecraft:wheat_seeds":49,"minecraft:smooth_stone":4,"minecraft:stone_pickaxe":1,"minecraft:poppy":1,"minecraft:oak_planks":35,"minecraft:egg":2,"minecraft:oak_door":2,"minecraft:torch":4,"minecraft:dandelion":4,"minecraft:dripstone_block":3,"minecraft:carrot":26,"minecraft:spider_eye":1,"minecraft:stone_shovel":1,"minecraft:rotten_flesh":6,"minecraft:beetroot_seeds":21,"minecraft:stone_axe":2,"minecraft:hay_block":1,"minecraft:bread":9,"minecraft:coal":11,"minecraft:cobblestone":12},"minecraft:dropped":{"minecraft:oak_door":2,"minecraft:stone_axe":1,"minecraft:wheat_seeds":29,"minecraft:oak_log":4,"minecraft:crafting_table":1,"minecraft:wheat":2,"minecraft:stone_shovel":1,"minecraft:cobblestone":3,"minecraft:oak_planks":40,"minecraft:azure_bluet":1,"minecraft:carrot":14,"minecraft:cobblestone_stairs":1,"minecraft:poppy":1,"minecraft:dirt":15,"minecraft:potato":4,"minecraft:hay_block":1,"minecraft:cornflower":1,"minecraft:beetroot_seeds":13,"minecraft:yellow_bed":1,"minecraft:dandelion":3},"minecraft:mined":{"minecraft:oak_door":1,"minecraft:dandelion":3,"minecraft:cornflower":1,"minecraft:torch":1,"minecraft:short_grass":26,"minecraft:poppy":1,"minecraft:tall_grass":2,"minecraft:oak_planks":15,"minecraft:wall_torch":4,"minecraft:pink_petals":22,"minecraft:hay_block":1,"minecraft:carrots":16,"minecraft:wheat":13,"minecraft:yellow_bed":2,"minecraft:azure_bluet":1,"minecraft:coal_ore":11,"minecraft:potatoes":2,"minecraft:oak_log":13,"minecraft:beetroots":6,"minecraft:oak_leaves":9},"minecraft:custom":{"minecraft:interact_with_crafting_table":3,"minecraft:leave_game":1,"minecraft:time_since_death":29341,"minecraft:sleep_in_bed":1,"minecraft:time_since_rest":29382,"minecraft:sprint_one_cm":27327,"minecraft:walk_one_cm":320990,"minecraft:damage_taken":1931,"minecraft:drop":35,"minecraft:damage_dealt":315,"minecraft:talked_to_villager":2,"minecraft:fly_one_cm":8508,"minecraft:open_chest":6,"minecraft:crouch_one_cm":351,"minecraft:play_time":63329,"minecraft:deaths":6,"minecraft:sneak_time":4537,"minecraft:jump":284,"minecraft:walk_on_water_one_cm":508,"minecraft:total_world_time":63329,"minecraft:fall_one_cm":9794},"minecraft:crafted":{"minecraft:oak_planks":36,"minecraft:crafting_table":1,"minecraft:stick":4,"minecraft:torch":4},"minecraft:killed_by":{"minecraft:skeleton":3,"minecraft:creeper":1,"minecraft:zombie":2}},"DataVersion":3953}