{"stats":{"minecraft:picked_up":{"minecraft:azure_bluet":1,"minecraft:wheat":2,"minecraft:oak_door":2,"minecraft:torch":3,"minecraft:dandelion":3,"minecraft:potato":5,"minecraft:oak_log":5,"minecraft:carrot":25,"minecraft:yellow_bed":1,"minecraft:cornflower":1,"minecraft:dirt":32,"minecraft:bone":1,"minecraft:rotten_flesh":6,"minecraft:stone_shovel":1,"minecraft:beetroot":2,"minecraft:stone_axe":2,"minecraft:beetroot_seeds":21,"minecraft:wheat_seeds":47,"minecraft:hay_block":1,"minecraft:stone_pickaxe":1,"minecraft:poppy":1,"minecraft:oak_planks":8,"minecraft:cobblestone":1,"minecraft:pink_petals":63,"minecraft:egg":2},"minecraft:used":{"minecraft:beetroot":1,"minecraft:wheat_seeds":16,"minecraft:stone_pickaxe":8,"minecraft:pink_petals":41,"minecraft:stone_axe":5,"minecraft:torch":3,"minecraft:dirt":1,"minecraft:beetroot_seeds":4,"minecraft:carrot":1,"minecraft:egg":1,"minecraft:dandelion":1},"minecraft:dropped":{"minecraft:oak_door":2,"minecraft:poppy":1,"minecraft:potato":4,"minecraft:hay_block":1,"minecraft:wheat_seeds":29,"minecraft:oak_log":4,"minecraft:cornflower":1,"minecraft:crafting_table":1,"minecraft:beetroot_seeds":13,"minecraft:yellow_bed":1,"minecraft:wheat":2,"minecraft:stone_shovel":1,"minecraft:oak_planks":8,"minecraft:azure_bluet":1,"minecraft:carrot":12,"minecraft:dandelion":2},"minecraft:mined":{"minecraft:pink_petals":22,"minecraft:hay_block":1,"minecraft:carrots":16,"minecraft:oak_door":1,"minecraft:wheat":13,"minecraft:dandelion":2,"minecraft:azure_bluet":1,"minecraft:cornflower":1,"minecraft:yellow_bed":2,"minecraft:short_grass":12,"minecraft:potatoes":2,"minecraft:oak_log":5,"minecraft:poppy":1,"minecraft:beetroots":6,"minecraft:tall_grass":1,"minecraft:oak_planks":8,"minecraft:oak_leaves":2,"minecraft:wall_torch":3},"minecraft:crafted":{"minecraft:oak_planks":4,"minecraft:crafting_table":1},"minecraft:custom":{"minecraft:time_since_rest":5382,"minecraft:sprint_one_cm":7058,"minecraft:damage_taken":1795,"minecraft:walk_one_cm":217176,"minecraft:drop":27,"minecraft:damage_dealt":199,"minecraft:talked_to_villager":2,"minecraft:fly_one_cm":4816,"minecraft:open_chest":1,"minecraft:crouch_one_cm":275,"minecraft:play_time":39329,"minecraft:deaths":6,"minecraft:sneak_time":4211,"minecraft:jump":197,"minecraft:leave_game":1,"minecraft:time_since_death":5341,"minecraft:walk_on_water_one_cm":380,"minecraft:sleep_in_bed":1,"minecraft:total_world_time":39329,"minecraft:fall_one_cm":9109},"minecraft:killed_by":{"minecraft:skeleton":3,"minecraft:creeper":1,"minecraft:zombie":2}},"DataVersion":3953}