{"stats":{"minecraft:used":{"minecraft:carrot":1},"minecraft:dropped":{"minecraft:hay_block":1,"minecraft:wheat_seeds":9,"minecraft:beetroot_seeds":5,"minecraft:crafting_table":1,"minecraft:yellow_bed":1,"minecraft:dandelion":1},"minecraft:picked_up":{"minecraft:wheat":2,"minecraft:oak_door":1,"minecraft:dandelion":1,"minecraft:potato":1,"minecraft:oak_log":5,"minecraft:carrot":3,"minecraft:yellow_bed":1,"minecraft:beetroot":1,"minecraft:beetroot_seeds":8,"minecraft:wheat_seeds":16,"minecraft:hay_block":1,"minecraft:oak_planks":8},"minecraft:mined":{"minecraft:hay_block":1,"minecraft:carrots":3,"minecraft:oak_door":1,"minecraft:wheat":5,"minecraft:dandelion":1,"minecraft:yellow_bed":2,"minecraft:short_grass":1,"minecraft:oak_log":5,"minecraft:beetroots":3,"minecraft:oak_planks":8,"minecraft:oak_leaves":2},"minecraft:crafted":{"minecraft:oak_planks":4,"minecraft:crafting_table":1},"minecraft:custom":{"minecraft:time_since_rest":7771,"minecraft:sprint_one_cm":3756,"minecraft:damage_taken":60,"minecraft:walk_one_cm":50849,"minecraft:drop":10,"minecraft:damage_dealt":59,"minecraft:talked_to_villager":1,"minecraft:fly_one_cm":190,"minecraft:crouch_one_cm":195,"minecraft:play_time":18502,"minecraft:sneak_time":4114,"minecraft:jump":17,"minecraft:leave_game":1,"minecraft:time_since_death":18502,"minecraft:walk_on_water_one_cm":265,"minecraft:sleep_in_bed":1,"minecraft:total_world_time":18502,"minecraft:fall_one_cm":1341}},"DataVersion":3953}