{"stats":{"minecraft:used":{"minecraft:beetroot":1,"minecraft:wheat_seeds":16,"minecraft:iron_shovel":536,"minecraft:stone_pickaxe":105,"minecraft:oak_planks":7,"minecraft:wooden_pickaxe":12,"minecraft:torch":11,"minecraft:sand":1,"minecraft:dirt":50,"minecraft:carrot":4,"minecraft:oak_log":2,"minecraft:iron_axe":28,"minecraft:bread":3,"minecraft:stone_axe":5,"minecraft:pink_petals":49,"minecraft:beetroot_seeds":4,"minecraft:pumpkin_pie":2,"minecraft:egg":1,"minecraft:dandelion":1},"minecraft:picked_up":{"minecraft:pink_petals":63,"minecraft:wheat":2,"minecraft:azure_bluet":3,"minecraft:wooden_pickaxe":1,"minecraft:potato":5,"minecraft:oak_log":17,"minecraft:chainmail_chestplate":1,"minecraft:shield":1,"minecraft:yellow_bed":1,"minecraft:cobblestone_stairs":1,"minecraft:cornflower":3,"minecraft:dirt":661,"minecraft:iron_axe":2,"minecraft:iron_leggings":1,"minecraft:iron_shovel":4,"minecraft:bone":2,"minecraft:beetroot":2,"minecraft:diamond_leggings":1,"minecraft:wheat_seeds":71,"minecraft:smooth_stone":4,"minecraft:stone_pickaxe":11,"minecraft:poppy":2,"minecraft:oak_planks":45,"minecraft:iron_boots":1,"minecraft:egg":2,"minecraft:oak_door":3,"minecraft:oak_fence":17,"minecraft:torch":18,"minecraft:dandelion":7,"minecraft:dripstone_block":3,"minecraft:gravel":1,"minecraft:sand":8,"minecraft:carrot":26,"minecraft:spider_eye":1,"minecraft:mossy_cobblestone":3,"minecraft:diamond_chestplate":1,"minecraft:stone_shovel":1,"minecraft:rotten_flesh":11,"minecraft:beetroot_seeds":21,"minecraft:stone_axe":2,"minecraft:shears":1,"minecraft:diamond_boots":1,"minecraft:hay_block":1,"minecraft:diamond_axe":4,"minecraft:bread":9,"minecraft:oak_sapling":1,"minecraft:coal":11,"minecraft:cobblestone":32},"minecraft:dropped":{"minecraft:oak_door":2,"minecraft:bread":6,"minecraft:stone_axe":1,"minecraft:wheat_seeds":29,"minecraft:oak_log":4,"minecraft:crafting_table":1,"minecraft:wheat":2,"minecraft:stone_shovel":1,"minecraft:rotten_flesh":2,"minecraft:cobblestone":3,"minecraft:iron_boots":1,"minecraft:oak_planks":40,"minecraft:azure_bluet":1,"minecraft:shears":1,"minecraft:carrot":14,"minecraft:chainmail_chestplate":1,"minecraft:cobblestone_stairs":1,"minecraft:poppy":1,"minecraft:dirt":517,"minecraft:potato":4,"minecraft:hay_block":1,"minecraft:cornflower":2,"minecraft:beetroot_seeds":13,"minecraft:yellow_bed":1,"minecraft:oak_sapling":1,"minecraft:iron_axe":1,"minecraft:stone_pickaxe":4,"minecraft:iron_shovel":2,"minecraft:dandelion":3,"minecraft:bone":1},"minecraft:mined":{"minecraft:mossy_cobblestone":3,"minecraft:oak_door":2,"minecraft:dandelion":3,"minecraft:oak_fence":17,"minecraft:cornflower":1,"minecraft:torch":2,"minecraft:short_grass":51,"minecraft:grass_block":400,"minecraft:poppy":1,"minecraft:cobblestone":20,"minecraft:tall_grass":2,"minecraft:oak_planks":26,"minecraft:wall_torch":7,"minecraft:pink_petals":22,"minecraft:hay_block":1,"minecraft:carrots":16,"minecraft:wheat":13,"minecraft:yellow_bed":2,"minecraft:azure_bluet":1,"minecraft:coal_ore":11,"minecraft:potatoes":2,"minecraft:oak_log":13,"minecraft:beetroots":6,"minecraft:sand":1,"minecraft:dirt":212,"minecraft:oak_leaves":9},"minecraft:broken":{"minecraft:iron_shovel":2},"minecraft:custom":{"minecraft:interact_with_crafting_table":4,"minecraft:leave_game":1,"minecraft:time_since_death":28075,"minecraft:sleep_in_bed":1,"minecraft:time_since_rest":28099,"minecraft:sprint_one_cm":59005,"minecraft:walk_one_cm":475645,"minecraft:damage_taken":2714,"minecraft:drop":60,"minecraft:damage_dealt":375,"minecraft:talked_to_villager":2,"minecraft:fly_one_cm":13015,"minecraft:open_chest":9,"minecraft:crouch_one_cm":927,"minecraft:play_time":99329,"minecraft:deaths":8,"minecraft:sneak_time":4809,"minecraft:walk_under_water_one_cm":2121,"minecraft:jump":475,"minecraft:walk_on_water_one_cm":4320,"minecraft:total_world_time":99329,"minecraft:fall_one_cm":13289},"minecraft:crafted":{"minecraft:oak_planks":36,"minecraft:crafting_table":1,"minecraft:stick":4,"minecraft:torch":4},"minecraft:killed_by":{"minecraft:player":1,"minecraft:skeleton":3,"minecraft:creeper":1,"minecraft:zombie":3}},"DataVersion":3953}