{"stats":{"minecraft:used":{"minecraft:beetroot":1,"minecraft:wheat_seeds":16,"minecraft:stone_pickaxe":8,"minecraft:oak_planks":4,"minecraft:torch":3,"minecraft:dirt":1,"minecraft:carrot":4,"minecraft:oak_log":2,"minecraft:stone_axe":5,"minecraft:pink_petals":49,"minecraft:beetroot_seeds":4,"minecraft:egg":1,"minecraft:dandelion":1},"minecraft:picked_up":{"minecraft:pink_petals":63,"minecraft:wheat":2,"minecraft:azure_bluet":1,"minecraft:potato":5,"minecraft:oak_log":15,"minecraft:yellow_bed":1,"minecraft:cobblestone_stairs":1,"minecraft:cornflower":1,"minecraft:dirt":32,"minecraft:bone":1,"minecraft:beetroot":2,"minecraft:wheat_seeds":49,"minecraft:smooth_stone":4,"minecraft:stone_pickaxe":1,"minecraft:poppy":1,"minecraft:oak_planks":33,"minecraft:egg":2,"minecraft:oak_door":2,"minecraft:torch":3,"minecraft:dandelion":4,"minecraft:carrot":25,"minecraft:stone_shovel":1,"minecraft:rotten_flesh":6,"minecraft:beetroot_seeds":21,"minecraft:stone_axe":2,"minecraft:hay_block":1,"minecraft:cobblestone":8},"minecraft:dropped":{"minecraft:oak_door":2,"minecraft:stone_axe":1,"minecraft:wheat_seeds":29,"minecraft:oak_log":4,"minecraft:crafting_table":1,"minecraft:wheat":2,"minecraft:stone_shovel":1,"minecraft:cobblestone":3,"minecraft:oak_planks":40,"minecraft:azure_bluet":1,"minecraft:carrot":12,"minecraft:cobblestone_stairs":1,"minecraft:poppy":1,"minecraft:dirt":15,"minecraft:potato":4,"minecraft:hay_block":1,"minecraft:cornflower":1,"minecraft:beetroot_seeds":13,"minecraft:yellow_bed":1,"minecraft:dandelion":2},"minecraft:mined":{"minecraft:oak_door":1,"minecraft:dandelion":3,"minecraft:cornflower":1,"minecraft:short_grass":24,"minecraft:poppy":1,"minecraft:tall_grass":2,"minecraft:oak_planks":12,"minecraft:wall_torch":3,"minecraft:pink_petals":22,"minecraft:hay_block":1,"minecraft:carrots":16,"minecraft:wheat":13,"minecraft:yellow_bed":2,"minecraft:azure_bluet":1,"minecraft:potatoes":2,"minecraft:oak_log":13,"minecraft:beetroots":6,"minecraft:oak_leaves":9},"minecraft:custom":{"minecraft:interact_with_crafting_table":2,"minecraft:leave_game":1,"minecraft:time_since_death":17341,"minecraft:sleep_in_bed":1,"minecraft:time_since_rest":17382,"minecraft:sprint_one_cm":25018,"minecraft:walk_one_cm":281624,"minecraft:damage_taken":1885,"minecraft:drop":32,"minecraft:damage_dealt":229,"minecraft:talked_to_villager":2,"minecraft:fly_one_cm":8299,"minecraft:open_chest":1,"minecraft:crouch_one_cm":275,"minecraft:play_time":51329,"minecraft:deaths":6,"minecraft:sneak_time":4253,"minecraft:jump":246,"minecraft:walk_on_water_one_cm":380,"minecraft:total_world_time":51329,"minecraft:fall_one_cm":9527},"minecraft:crafted":{"minecraft:oak_planks":36,"minecraft:crafting_table":1},"minecraft:killed_by":{"minecraft:skeleton":3,"minecraft:creeper":1,"minecraft:zombie":2}},"DataVersion":3953}