{"stats":{"minecraft:picked_up":{"minecraft:carrot":2,"minecraft:beetroot_seeds":2,"minecraft:dandelion":1},"minecraft:dropped":{"minecraft:beetroot_seeds":2,"minecraft:dandelion":1},"minecraft:mined":{"minecraft:beetroots":1,"minecraft:dandelion":1,"minecraft:carrots":2},"minecraft:custom":{"minecraft:jump":10,"minecraft:time_since_rest":3671,"minecraft:damage_dealt":10,"minecraft:crouch_one_cm":49,"minecraft:sprint_one_cm":448,"minecraft:play_time":3671,"minecraft:damage_taken":40,"minecraft:time_since_death":3671,"minecraft:walk_one_cm":20988,"minecraft:sneak_time":19,"minecraft:total_world_time":3671,"minecraft:fall_one_cm":1341,"minecraft:drop":3,"minecraft:fly_one_cm":82}},"DataVersion":3953}