{"stats":{"minecraft:used":{"minecraft:beetroot":1,"minecraft:wheat_seeds":16,"minecraft:stone_pickaxe":8,"minecraft:oak_planks":7,"minecraft:wooden_pickaxe":12,"minecraft:torch":9,"minecraft:dirt":15,"minecraft:carrot":4,"minecraft:oak_log":2,"minecraft:bread":1,"minecraft:stone_axe":5,"minecraft:pink_petals":49,"minecraft:beetroot_seeds":4,"minecraft:egg":1,"minecraft:dandelion":1},"minecraft:picked_up":{"minecraft:pink_petals":63,"minecraft:wheat":2,"minecraft:azure_bluet":2,"minecraft:wooden_pickaxe":1,"minecraft:potato":5,"minecraft:oak_log":15,"minecraft:yellow_bed":1,"minecraft:cobblestone_stairs":1,"minecraft:cornflower":1,"minecraft:dirt":49,"minecraft:bone":1,"minecraft:beetroot":2,"minecraft:wheat_seeds":49,"minecraft:smooth_stone":4,"minecraft:stone_pickaxe":1,"minecraft:poppy":2,"minecraft:oak_planks":35,"minecraft:egg":2,"minecraft:oak_door":2,"minecraft:torch":15,"minecraft:dandelion":4,"minecraft:dripstone_block":3,"minecraft:carrot":26,"minecraft:spider_eye":1,"minecraft:stone_shovel":1,"minecraft:rotten_flesh":8,"minecraft:beetroot_seeds":21,"minecraft:stone_axe":2,"minecraft:shears":1,"minecraft:hay_block":1,"minecraft:bread":9,"minecraft:coal":11,"minecraft:cobblestone":12},"minecraft:dropped":{"minecraft:oak_door":2,"minecraft:stone_axe":1,"minecraft:wheat_seeds":29,"minecraft:oak_log":4,"minecraft:crafting_table":1,"minecraft:wheat":2,"minecraft:stone_shovel":1,"minecraft:rotten_flesh":1,"minecraft:cobblestone":3,"minecraft:oak_planks":40,"minecraft:azure_bluet":1,"minecraft:shears":1,"minecraft:carrot":14,"minecraft:cobblestone_stairs":1,"minecraft:poppy":1,"minecraft:dirt":15,"minecraft:potato":4,"minecraft:hay_block":1,"minecraft:cornflower":1,"minecraft:beetroot_seeds":13,"minecraft:yellow_bed":1,"minecraft:dandelion":3},"minecraft:mined":{"minecraft:oak_door":1,"minecraft:dandelion":3,"minecraft:cornflower":1,"minecraft:torch":2,"minecraft:short_grass":27,"minecraft:grass_block":6,"minecraft:poppy":1,"minecraft:tall_grass":2,"minecraft:oak_planks":15,"minecraft:wall_torch":6,"minecraft:pink_petals":22,"minecraft:hay_block":1,"minecraft:carrots":16,"minecraft:wheat":13,"minecraft:yellow_bed":2,"minecraft:azure_bluet":1,"minecraft:coal_ore":11,"minecraft:potatoes":2,"minecraft:oak_log":13,"minecraft:beetroots":6,"minecraft:dirt":14,"minecraft:oak_leaves":9},"minecraft:custom":{"minecraft:interact_with_crafting_table":4,"minecraft:leave_game":1,"minecraft:time_since_death":4075,"minecraft:sleep_in_bed":1,"minecraft:time_since_rest":4099,"minecraft:sprint_one_cm":38020,"minecraft:walk_one_cm":386250,"minecraft:damage_taken":2546,"minecraft:drop":37,"minecraft:damage_dealt":360,"minecraft:talked_to_villager":2,"minecraft:fly_one_cm":10517,"minecraft:open_chest":7,"minecraft:crouch_one_cm":586,"minecraft:play_time":75329,"minecraft:deaths":8,"minecraft:sneak_time":4648,"minecraft:jump":430,"minecraft:walk_on_water_one_cm":750,"minecraft:total_world_time":75329,"minecraft:fall_one_cm":13289},"minecraft:crafted":{"minecraft:oak_planks":36,"minecraft:crafting_table":1,"minecraft:stick":4,"minecraft:torch":4},"minecraft:killed_by":{"minecraft:player":1,"minecraft:skeleton":3,"minecraft:creeper":1,"minecraft:zombie":3}},"DataVersion":3953}